gameId,teamId,teamCity,teamName,teamTricode,teamSlug,minutes,estimatedOffensiveRating,offensiveRating,estimatedDefensiveRating,defensiveRating,estimatedNetRating,netRating,assistPercentage,assistToTurnover,assistRatio,offensiveReboundPercentage,defensiveReboundPercentage,reboundPercentage,estimatedTeamTurnoverPercentage,turnoverRatio,effectiveFieldGoalPercentage,trueShootingPercentage,usagePercentage,estimatedUsagePercentage,estimatedPace,pace,pacePer40,possessions,PIE,wl,won,season
22401199,1610612747,Los Angeles,Lakers,LAL,lakers,240:00,445.1,89.0,598.9,119.8,-153.8,-30.8,0.677,1.0,16.0,0.373,0.508,0.446,23.077,23.1,0.444,0.47,1.0,0.973,18.2,91.0,75.83,91.0,0.384,L,0,2024-25
22401185,1610612747,Los Angeles,Lakers,LAL,lakers,240:00,666.7,133.3,519.0,103.8,147.6,29.5,0.528,2.15,20.0,0.189,0.776,0.523,12.381,12.4,0.718,0.714,1.0,0.973,21.0,105.0,87.5,105.0,0.629,W,1,2024-25
22401159,1610612747,Los Angeles,Lakers,LAL,lakers,240:00,589.5,117.9,516.0,103.2,73.5,14.7,0.524,1.83,16.2,0.373,0.737,0.528,12.632,12.6,0.533,0.564,1.0,0.947,18.9,94.5,78.75,95.0,0.516,W,1,2024-25
22401153,1610612747,Los Angeles,Lakers,LAL,lakers,240:00,606.1,121.2,680.0,136.0,-73.9,-14.8,0.568,1.11,15.1,0.388,0.636,0.519,19.192,19.2,0.575,0.623,1.0,0.975,19.9,99.5,82.92,99.0,0.454,L,0,2024-25
22401135,1610612747,Los Angeles,Lakers,LAL,lakers,240:00,663.2,132.6,515.6,103.1,147.5,29.5,0.543,1.47,18.9,0.333,0.811,0.609,17.895,17.9,0.679,0.689,1.0,0.981,19.1,95.5,79.58,95.0,0.601,W,1,2024-25
22401126,1610612747,Los Angeles,Lakers,LAL,lakers,240:00,652.6,130.5,568.4,113.7,84.2,16.8,0.634,2.0,19.7,0.308,0.652,0.494,13.684,13.7,0.62,0.679,1.0,0.981,19.0,95.0,79.17,95.0,0.576,W,1,2024-25
22401117,1610612747,Los Angeles,Lakers,LAL,lakers,240:00,630.4,126.1,668.5,133.7,-38.0,-7.6,0.59,2.3,17.6,0.327,0.622,0.468,10.87,10.9,0.558,0.603,1.0,0.963,18.4,92.0,76.67,92.0,0.449,L,0,2024-25
22401096,1610612747,Los Angeles,Lakers,LAL,lakers,240:00,530.6,106.1,494.9,99.0,35.7,7.1,0.629,2.0,16.8,0.204,0.698,0.449,11.224,11.2,0.483,0.532,1.0,0.991,19.7,98.5,82.08,98.0,0.523,W,1,2024-25
22401078,1610612747,Los Angeles,Lakers,LAL,lakers,240:00,644.2,128.8,616.5,123.3,27.7,5.5,0.667,2.31,20.5,0.261,0.75,0.511,12.5,12.5,0.612,0.664,1.0,0.974,20.7,103.5,86.25,104.0,0.528,W,1,2024-25
22401063,1610612747,Los Angeles,Lakers,LAL,lakers,240:00,562.5,112.5,566.7,113.3,-4.2,-0.8,0.667,2.73,21.3,0.149,0.736,0.46,10.577,10.6,0.56,0.591,1.0,0.991,20.9,104.5,87.08,104.0,0.509,L,0,2024-25
22401055,1610612747,Los Angeles,Lakers,LAL,lakers,240:00,625.0,125.0,626.3,125.3,-1.3,-0.3,0.634,1.73,19.8,0.22,0.778,0.512,15.625,15.6,0.627,0.67,1.0,0.971,19.1,95.5,79.58,96.0,0.483,W,1,2024-25
22401038,1610612747,Los Angeles,Lakers,LAL,lakers,240:00,576.1,115.2,655.6,131.1,-79.5,-15.9,0.514,1.73,15.4,0.319,0.651,0.478,11.957,12.0,0.525,0.574,1.0,0.981,18.2,91.0,75.83,92.0,0.43,L,0,2024-25
22401028,1610612747,Los Angeles,Lakers,LAL,lakers,240:00,547.6,109.5,688.7,137.7,-141.1,-28.2,0.561,1.1,16.4,0.255,0.714,0.472,20.0,20.0,0.582,0.607,1.0,0.991,21.1,105.5,87.92,105.0,0.343,L,0,2024-25
22400996,1610612747,Los Angeles,Lakers,LAL,lakers,240:00,458.8,91.8,608.2,121.6,-149.5,-29.9,0.765,1.18,18.7,0.32,0.755,0.535,22.68,22.7,0.482,0.5,1.0,0.956,19.4,97.0,80.83,97.0,0.352,L,0,2024-25
22401006,1610612747,Los Angeles,Lakers,LAL,lakers,240:00,588.2,117.6,529.4,105.9,58.8,11.8,0.595,1.79,18.2,0.222,0.688,0.462,13.725,13.7,0.602,0.629,1.0,0.973,20.4,102.0,85.0,102.0,0.552,W,1,2024-25
22400537,1610612747,Los Angeles,Lakers,LAL,lakers,240:00,618.8,123.8,550.5,110.1,68.3,13.7,0.773,3.78,23.1,0.265,0.745,0.5,8.911,8.9,0.594,0.622,1.0,0.973,20.0,100.0,83.33,101.0,0.578,W,1,2024-25
22400977,1610612747,Los Angeles,Lakers,LAL,lakers,240:00,569.1,113.8,505.3,101.1,63.9,12.8,0.629,2.2,17.3,0.22,0.673,0.457,10.638,10.6,0.519,0.563,1.0,0.971,18.9,94.5,78.75,94.0,0.556,W,1,2024-25
22400965,1610612747,Los Angeles,Lakers,LAL,lakers,240:00,623.8,124.8,635.9,127.2,-12.2,-2.4,0.653,3.56,20.8,0.368,0.674,0.505,8.911,8.9,0.538,0.562,1.0,0.984,20.4,102.0,85.0,101.0,0.468,L,0,2024-25
22400955,1610612747,Los Angeles,Lakers,LAL,lakers,240:00,519.6,103.9,611.7,122.3,-92.0,-18.4,0.474,1.29,14.1,0.154,0.776,0.455,13.725,13.7,0.523,0.558,1.0,0.982,20.5,102.5,85.42,102.0,0.368,L,0,2024-25
22400930,1610612747,Los Angeles,Lakers,LAL,lakers,240:00,574.5,114.9,584.2,116.8,-9.7,-1.9,0.838,2.07,22.1,0.306,0.672,0.505,15.957,16.0,0.547,0.578,1.0,0.991,18.9,94.5,78.75,94.0,0.497,L,0,2024-25
22400918,1610612747,Los Angeles,Lakers,LAL,lakers,240:00,531.6,106.3,590.4,118.1,-58.8,-11.8,0.462,1.29,14.2,0.275,0.755,0.51,14.737,14.7,0.529,0.542,1.0,0.954,18.9,94.5,78.75,95.0,0.423,L,0,2024-25
22400903,1610612747,Los Angeles,Lakers,LAL,lakers,265:00,543.3,108.7,514.2,102.8,29.1,5.8,0.658,1.47,17.1,0.333,0.672,0.518,16.346,16.3,0.506,0.558,1.0,0.983,19.02,95.09,79.25,104.0,0.533,W,1,2024-25
22400890,1610612747,Los Angeles,Lakers,LAL,lakers,240:00,693.9,138.8,580.8,116.2,113.1,22.6,0.667,2.13,21.6,0.432,0.72,0.585,15.306,15.3,0.639,0.667,1.0,0.991,19.7,98.5,82.08,98.0,0.577,W,1,2024-25
22400874,1610612747,Los Angeles,Lakers,LAL,lakers,240:00,593.4,118.7,554.3,110.9,39.1,7.8,0.553,1.24,16.9,0.279,0.68,0.495,18.681,18.7,0.61,0.629,1.0,0.981,18.3,91.5,76.25,91.0,0.539,W,1,2024-25
22400859,1610612747,Los Angeles,Lakers,LAL,lakers,240:00,552.1,110.4,531.3,106.3,20.8,4.2,0.487,1.27,15.1,0.262,0.6,0.446,15.625,15.6,0.556,0.591,1.0,0.981,19.2,96.0,80.0,96.0,0.545,W,1,2024-25
22400849,1610612747,Los Angeles,Lakers,LAL,lakers,240:00,572.2,114.4,536.8,107.4,35.3,7.1,0.618,1.62,15.1,0.396,0.765,0.577,13.402,13.4,0.482,0.543,1.0,0.958,19.2,96.0,80.0,97.0,0.54,W,1,2024-25
22400835,1610612747,Los Angeles,Lakers,LAL,lakers,240:00,540.4,108.1,500.0,100.0,40.4,8.1,0.615,1.71,17.3,0.308,0.73,0.539,14.141,14.1,0.511,0.548,1.0,0.974,19.8,99.0,82.5,99.0,0.575,W,1,2024-25
22400808,1610612747,Los Angeles,Lakers,LAL,lakers,240:00,627.6,125.5,520.8,104.2,106.7,21.3,0.628,3.0,19.7,0.261,0.596,0.439,9.184,9.2,0.593,0.634,1.0,0.955,19.4,97.0,80.83,98.0,0.623,W,1,2024-25
22400796,1610612747,Los Angeles,Lakers,LAL,lakers,240:00,528.8,105.8,495.1,99.0,33.7,6.7,0.513,0.83,14.4,0.341,0.808,0.594,23.077,23.1,0.53,0.591,1.0,0.966,20.7,103.5,86.25,104.0,0.539,W,1,2024-25
22400524,1610612747,Los Angeles,Lakers,LAL,lakers,240:00,480.2,96.0,490.2,98.0,-10.0,-2.0,0.784,1.61,20.1,0.255,0.707,0.487,17.822,17.8,0.494,0.509,1.0,0.991,20.3,101.5,84.58,101.0,0.513,L,0,2024-25
22400781,1610612747,Los Angeles,Lakers,LAL,lakers,240:00,566.7,113.3,629.8,126.0,-63.1,-12.6,0.756,2.21,20.5,0.298,0.75,0.495,13.333,13.3,0.554,0.566,1.0,0.992,20.9,104.5,87.08,105.0,0.414,L,0,2024-25
22400768,1610612747,Los Angeles,Lakers,LAL,lakers,240:00,622.6,124.5,528.0,105.6,94.6,18.9,0.56,2.15,19.4,0.233,0.75,0.505,12.264,12.3,0.625,0.661,1.0,0.957,21.3,106.5,88.75,106.0,0.576,W,1,2024-25
22400742,1610612747,Los Angeles,Lakers,LAL,lakers,240:00,613.9,122.8,579.2,115.8,34.7,6.9,0.63,1.93,20.3,0.302,0.745,0.543,14.851,14.9,0.585,0.632,1.0,0.974,20.2,101.0,84.17,101.0,0.534,W,1,2024-25
22400731,1610612747,Los Angeles,Lakers,LAL,lakers,240:00,588.2,117.6,538.5,107.7,49.8,10.0,0.667,1.86,19.1,0.195,0.667,0.481,13.725,13.7,0.583,0.639,1.0,0.982,20.6,103.0,85.83,102.0,0.594,W,1,2024-25
22400715,1610612747,Los Angeles,Lakers,LAL,lakers,240:00,635.4,127.1,505.2,101.0,130.2,26.0,0.733,2.2,23.4,0.293,0.745,0.552,15.625,15.6,0.667,0.669,1.0,0.972,19.2,96.0,80.0,96.0,0.61,W,1,2024-25
22400692,1610612747,Los Angeles,Lakers,LAL,lakers,240:00,646.5,129.3,571.4,114.3,75.0,15.0,0.553,1.73,19.7,0.194,0.648,0.467,15.152,15.2,0.698,0.72,1.0,0.972,19.7,98.5,82.08,99.0,0.55,W,1,2024-25
22400674,1610612747,Los Angeles,Lakers,LAL,lakers,240:00,663.4,132.7,466.0,93.2,197.3,39.5,0.633,2.82,22.0,0.22,0.667,0.49,10.891,10.9,0.628,0.672,1.0,1.0,20.4,102.0,85.0,101.0,0.734,W,1,2024-25
22400660,1610612747,Los Angeles,Lakers,LAL,lakers,240:00,520.0,104.0,590.0,118.0,-70.0,-14.0,0.676,1.14,19.1,0.162,0.74,0.494,22.0,22.0,0.583,0.633,1.0,0.981,20.0,100.0,83.33,100.0,0.459,L,0,2024-25
22400648,1610612747,Los Angeles,Lakers,LAL,lakers,240:00,589.5,117.9,557.3,111.5,32.2,6.4,0.5,1.16,16.3,0.4,0.72,0.568,20.0,20.0,0.547,0.58,1.0,0.973,19.1,95.5,79.58,95.0,0.531,W,1,2024-25
22400644,1610612747,Los Angeles,Lakers,LAL,lakers,240:00,608.2,121.6,562.5,112.5,45.7,9.1,0.617,2.23,21.0,0.3,0.694,0.517,13.402,13.4,0.605,0.631,1.0,0.963,19.3,96.5,80.42,97.0,0.562,W,1,2024-25
22400629,1610612747,Los Angeles,Lakers,LAL,lakers,240:00,622.3,124.5,510.6,102.1,111.7,22.3,0.643,2.7,19.7,0.327,0.767,0.569,10.638,10.6,0.556,0.598,1.0,0.945,18.8,94.0,78.33,94.0,0.616,W,1,2024-25
22400610,1610612747,Los Angeles,Lakers,LAL,lakers,240:00,560.6,112.1,435.6,87.1,125.0,25.0,0.698,2.73,21.7,0.188,0.746,0.505,11.111,11.1,0.539,0.567,1.0,0.991,20.0,100.0,83.33,99.0,0.64,W,1,2024-25
22400596,1610612747,Los Angeles,Lakers,LAL,lakers,240:00,536.8,107.4,604.2,120.8,-67.3,-13.5,0.684,1.53,20.2,0.205,0.659,0.446,17.895,17.9,0.559,0.605,1.0,0.971,19.1,95.5,79.58,95.0,0.447,L,0,2024-25
22400585,1610612747,Los Angeles,Lakers,LAL,lakers,240:00,560.4,112.1,554.9,111.0,5.5,1.1,0.632,2.4,19.2,0.222,0.652,0.44,10.989,11.0,0.537,0.567,1.0,0.98,18.2,91.0,75.83,91.0,0.499,W,1,2024-25
22400570,1610612747,Los Angeles,Lakers,LAL,lakers,240:00,615.8,123.2,568.4,113.7,47.4,9.5,0.702,4.71,23.9,0.222,0.829,0.488,7.368,7.4,0.594,0.608,1.0,0.971,19.0,95.0,79.17,95.0,0.548,W,1,2024-25
22400552,1610612747,Los Angeles,Lakers,LAL,lakers,240:00,531.3,106.3,656.3,131.3,-125.0,-25.0,0.615,1.26,17.3,0.373,0.643,0.495,19.792,19.8,0.529,0.542,1.0,0.983,19.2,96.0,80.0,96.0,0.365,L,0,2024-25
22400504,1610612747,Los Angeles,Lakers,LAL,lakers,240:00,516.0,103.2,641.3,128.3,-125.3,-25.1,0.588,2.0,16.7,0.14,0.683,0.405,10.638,10.6,0.527,0.567,1.0,0.96,18.6,93.0,77.5,94.0,0.425,L,0,2024-25
22400491,1610612747,Los Angeles,Lakers,LAL,lakers,240:00,625.0,125.0,639.8,128.0,-14.8,-3.0,0.684,2.6,20.2,0.256,0.582,0.439,10.87,10.9,0.59,0.637,1.0,0.981,18.5,92.5,77.08,92.0,0.526,L,0,2024-25
22400477,1610612747,Los Angeles,Lakers,LAL,lakers,240:00,607.1,121.4,510.0,102.0,97.1,19.4,0.651,1.47,19.0,0.447,0.721,0.602,19.388,19.4,0.563,0.601,1.0,0.983,19.8,99.0,82.5,98.0,0.598,W,1,2024-25
22400468,1610612747,Los Angeles,Lakers,LAL,lakers,240:00,587.6,117.5,546.4,109.3,41.2,8.2,0.698,2.31,20.8,0.327,0.683,0.484,13.402,13.4,0.537,0.569,1.0,0.974,19.4,97.0,80.83,97.0,0.519,W,1,2024-25
22400454,1610612747,Los Angeles,Lakers,LAL,lakers,240:00,550.0,110.0,610.0,122.0,-60.0,-12.0,0.619,2.89,18.6,0.259,0.755,0.495,9.0,9.0,0.489,0.532,1.0,0.974,20.0,100.0,83.33,100.0,0.455,L,0,2024-25
22400435,1610612747,Los Angeles,Lakers,LAL,lakers,240:00,666.7,133.3,622.4,124.5,44.2,8.8,0.717,3.0,23.9,0.176,0.653,0.458,11.111,11.1,0.688,0.721,1.0,0.971,19.7,98.5,82.08,99.0,0.554,W,1,2024-25
22400408,1610612747,Los Angeles,Lakers,LAL,lakers,240:00,605.3,121.1,594.7,118.9,10.5,2.1,0.732,3.33,21.6,0.28,0.653,0.465,9.474,9.5,0.533,0.581,1.0,0.982,19.0,95.0,79.17,95.0,0.536,W,1,2024-25
22400404,1610612747,Los Angeles,Lakers,LAL,lakers,240:00,575.8,115.2,596.9,119.4,-21.2,-4.2,0.7,1.4,20.6,0.243,0.756,0.524,20.202,20.2,0.635,0.671,1.0,0.954,19.7,98.5,82.08,99.0,0.515,L,0,2024-25
22400376,1610612747,Los Angeles,Lakers,LAL,lakers,240:00,525.5,105.1,510.3,102.1,15.2,3.0,0.575,1.64,17.6,0.213,0.759,0.505,14.286,14.3,0.536,0.558,1.0,0.963,19.5,97.5,81.25,98.0,0.546,W,1,2024-25
22400372,1610612747,Los Angeles,Lakers,LAL,lakers,240:00,538.1,107.6,476.2,95.2,61.9,12.4,0.579,1.69,15.3,0.31,0.894,0.571,12.381,12.4,0.468,0.527,1.0,0.967,21.0,105.0,87.5,105.0,0.536,W,1,2024-25
22401220,1610612747,Los Angeles,Lakers,LAL,lakers,240:00,527.3,105.5,500.0,100.0,27.3,5.5,0.59,1.0,15.8,0.26,0.593,0.44,20.909,20.9,0.537,0.585,1.0,0.967,22.0,110.0,91.67,110.0,0.549,W,1,2024-25
22401210,1610612747,Los Angeles,Lakers,LAL,lakers,240:00,439.4,87.9,489.9,98.0,-50.5,-10.1,0.515,0.77,12.8,0.304,0.737,0.522,22.222,22.2,0.442,0.465,1.0,0.974,19.8,99.0,82.5,99.0,0.401,L,0,2024-25
22400358,1610612747,Los Angeles,Lakers,LAL,lakers,240:00,545.9,109.2,505.2,101.0,40.8,8.2,0.658,2.27,18.9,0.191,0.72,0.464,11.224,11.2,0.536,0.58,1.0,0.972,19.5,97.5,81.25,98.0,0.585,W,1,2024-25
22400334,1610612747,Los Angeles,Lakers,LAL,lakers,265:00,578.9,115.8,582.6,116.5,-3.7,-0.7,0.647,2.2,21.2,0.184,0.717,0.461,13.158,13.2,0.596,0.622,1.0,0.967,20.74,103.7,86.42,114.0,0.492,L,0,2024-25
22400321,1610612747,Los Angeles,Lakers,LAL,lakers,240:00,484.4,96.9,697.9,139.6,-213.5,-42.7,0.784,2.23,20.7,0.278,0.615,0.419,13.542,13.5,0.449,0.483,1.0,0.982,19.2,96.0,80.0,96.0,0.347,L,0,2024-25
22400318,1610612747,Los Angeles,Lakers,LAL,lakers,240:00,412.4,82.5,561.9,112.4,-149.5,-29.9,0.594,0.9,14.8,0.245,0.805,0.5,21.649,21.6,0.443,0.47,1.0,0.972,19.4,97.0,80.83,97.0,0.319,L,0,2024-25
22400311,1610612747,Los Angeles,Lakers,LAL,lakers,240:00,564.5,112.9,559.1,111.8,5.4,1.1,0.59,4.6,17.8,0.255,0.786,0.495,5.376,5.4,0.483,0.53,1.0,0.981,18.6,93.0,77.5,93.0,0.497,W,1,2024-25
22400048,1610612747,Los Angeles,Lakers,LAL,lakers,240:00,494.7,98.9,548.9,109.8,-54.2,-10.8,0.758,1.47,19.5,0.209,0.684,0.48,18.085,18.1,0.527,0.565,1.0,0.961,18.6,93.0,77.5,94.0,0.5,L,0,2024-25
22400296,1610612747,Los Angeles,Lakers,LAL,lakers,240:00,619.8,124.0,526.0,105.2,93.8,18.8,0.646,2.38,22.3,0.31,0.755,0.549,13.542,13.5,0.606,0.63,1.0,0.991,19.2,96.0,80.0,96.0,0.59,W,1,2024-25
22400039,1610612747,Los Angeles,Lakers,LAL,lakers,240:00,485.4,97.1,616.5,123.3,-131.1,-26.2,0.676,2.08,18.5,0.146,0.755,0.454,11.65,11.7,0.482,0.521,1.0,0.973,20.6,103.0,85.83,103.0,0.417,L,0,2024-25
22400270,1610612747,Los Angeles,Lakers,LAL,lakers,240:00,500.0,100.0,628.7,125.7,-128.7,-25.7,0.692,1.8,19.7,0.16,0.73,0.402,14.706,14.7,0.517,0.542,1.0,0.982,20.3,101.5,84.58,102.0,0.385,L,0,2024-25
22400263,1610612747,Los Angeles,Lakers,LAL,lakers,240:00,602.0,120.4,613.4,122.7,-11.4,-2.3,0.477,2.1,16.0,0.255,0.608,0.439,10.204,10.2,0.58,0.599,1.0,0.973,19.5,97.5,81.25,98.0,0.482,L,0,2024-25
22400026,1610612747,Los Angeles,Lakers,LAL,lakers,240:00,620.0,124.0,590.0,118.0,30.0,6.0,0.714,2.14,21.9,0.175,0.652,0.43,14.0,14.0,0.645,0.675,1.0,0.981,20.0,100.0,83.33,100.0,0.542,W,1,2024-25
22400231,1610612747,Los Angeles,Lakers,LAL,lakers,240:00,577.8,115.6,544.0,108.8,33.8,6.8,0.615,2.18,18.2,0.373,0.569,0.471,12.222,12.2,0.506,0.537,1.0,1.0,18.1,90.5,75.42,90.0,0.531,W,1,2024-25
22400015,1610612747,Los Angeles,Lakers,LAL,lakers,240:00,618.6,123.7,592.8,118.6,25.8,5.2,0.614,2.25,19.6,0.34,0.717,0.527,12.371,12.4,0.58,0.611,1.0,0.982,19.4,97.0,80.83,97.0,0.529,W,1,2024-25
22400225,1610612747,Los Angeles,Lakers,LAL,lakers,240:00,603.8,120.8,585.7,117.1,18.1,3.6,0.721,1.72,20.7,0.283,0.706,0.505,16.981,17.0,0.624,0.646,1.0,0.983,21.1,105.5,87.92,106.0,0.516,W,1,2024-25
22400211,1610612747,Los Angeles,Lakers,LAL,lakers,240:00,668.5,133.7,565.9,113.2,102.5,20.5,0.682,6.0,22.4,0.273,0.587,0.433,5.435,5.4,0.581,0.626,1.0,0.981,18.3,91.5,76.25,92.0,0.619,W,1,2024-25
22400195,1610612747,Los Angeles,Lakers,LAL,lakers,240:00,597.9,119.6,552.1,110.4,45.9,9.2,0.636,2.15,20.7,0.233,0.721,0.519,13.402,13.4,0.612,0.636,1.0,0.953,19.3,96.5,80.42,97.0,0.567,W,1,2024-25
22400174,1610612747,Los Angeles,Lakers,LAL,lakers,240:00,558.8,111.8,635.9,127.2,-77.1,-15.4,0.561,2.09,16.9,0.212,0.612,0.406,10.784,10.8,0.522,0.558,1.0,0.991,20.5,102.5,85.42,102.0,0.43,L,0,2024-25
22400156,1610612747,Los Angeles,Lakers,LAL,lakers,240:00,525.5,105.1,580.8,116.2,-55.3,-11.1,0.757,2.15,20.3,0.235,0.611,0.429,13.265,13.3,0.488,0.532,1.0,0.991,19.7,98.5,82.08,98.0,0.473,L,0,2024-25
22400137,1610612747,Los Angeles,Lakers,LAL,lakers,240:00,635.9,127.2,606.8,121.4,29.1,5.8,0.69,2.9,19.9,0.313,0.625,0.481,9.709,9.7,0.54,0.618,1.0,0.991,20.6,103.0,85.83,103.0,0.548,W,1,2024-25
22400118,1610612747,Los Angeles,Lakers,LAL,lakers,240:00,523.8,104.8,638.1,127.6,-114.3,-22.9,0.553,1.0,15.7,0.22,0.81,0.518,20.0,20.0,0.532,0.601,1.0,0.982,21.0,105.0,87.5,105.0,0.421,L,0,2024-25
22400111,1610612747,Los Angeles,Lakers,LAL,lakers,240:00,541.2,108.2,567.7,113.5,-26.5,-5.3,0.641,2.08,17.9,0.305,0.755,0.509,12.371,12.4,0.489,0.515,1.0,0.965,19.3,96.5,80.42,97.0,0.462,L,0,2024-25
22400096,1610612747,Los Angeles,Lakers,LAL,lakers,240:00,612.1,122.4,599.1,119.8,13.1,2.6,0.667,1.68,20.5,0.378,0.818,0.596,17.757,17.8,0.598,0.639,1.0,0.976,21.3,106.5,88.75,107.0,0.504,W,1,2024-25
22400085,1610612747,Los Angeles,Lakers,LAL,lakers,240:00,608.9,121.8,568.6,113.7,40.3,8.1,0.825,2.54,23.4,0.189,0.8,0.506,12.871,12.9,0.627,0.667,1.0,0.981,20.3,101.5,84.58,101.0,0.541,W,1,2024-25
22400062,1610612747,Los Angeles,Lakers,LAL,lakers,240:00,578.9,115.8,547.9,109.6,31.1,6.2,0.524,3.14,15.9,0.375,0.63,0.5,7.368,7.4,0.468,0.519,1.0,0.974,18.9,94.5,78.75,95.0,0.575,W,1,2024-25
22301195,1610612747,Los Angeles,Lakers,LAL,lakers,240:00,613.9,122.8,529.4,105.9,84.4,16.9,0.667,2.13,22.7,0.231,0.766,0.523,14.851,14.9,0.615,0.653,1.0,1.0,20.3,101.5,84.58,101.0,0.597,W,1,2023-24
22301177,1610612747,Los Angeles,Lakers,LAL,lakers,240:00,597.1,119.4,594.1,118.8,3.0,0.6,0.595,1.32,17.9,0.325,0.642,0.505,18.447,18.4,0.599,0.641,1.0,0.991,20.4,102.0,85.0,103.0,0.543,W,1,2023-24
22301155,1610612747,Los Angeles,Lakers,LAL,lakers,240:00,594.1,118.8,663.4,132.7,-69.3,-13.9,0.705,3.88,21.2,0.264,0.861,0.506,7.921,7.9,0.521,0.563,1.0,0.974,20.2,101.0,84.17,101.0,0.443,L,0,2023-24
22301143,1610612747,Los Angeles,Lakers,LAL,lakers,240:00,568.0,113.6,616.5,123.3,-48.5,-9.7,0.692,1.8,18.9,0.283,0.646,0.468,14.563,14.6,0.53,0.596,1.0,0.983,20.6,103.0,85.83,103.0,0.477,L,0,2023-24
22301127,1610612747,Los Angeles,Lakers,LAL,lakers,240:00,580.0,116.0,480.2,96.0,99.8,20.0,0.667,1.5,21.7,0.205,0.692,0.484,20.0,20.0,0.663,0.666,1.0,0.963,20.1,100.5,83.75,100.0,0.604,W,1,2023-24
22301103,1610612747,Los Angeles,Lakers,LAL,lakers,240:00,578.7,115.7,550.5,110.1,28.2,5.6,0.457,1.24,14.8,0.271,0.851,0.558,15.741,15.7,0.549,0.602,1.0,0.983,21.7,108.5,90.42,108.0,0.537,W,1,2023-24
22301094,1610612747,Los Angeles,Lakers,LAL,lakers,240:00,603.8,120.8,528.6,105.7,75.2,15.0,0.731,2.53,23.8,0.296,0.776,0.524,14.151,14.2,0.604,0.602,1.0,0.967,21.1,105.5,87.92,106.0,0.566,W,1,2023-24
22301078,1610612747,Los Angeles,Lakers,LAL,lakers,240:00,568.6,113.7,504.9,101.0,63.8,12.8,0.571,1.2,18.0,0.184,0.789,0.547,19.608,19.6,0.643,0.669,1.0,0.982,20.5,102.5,85.42,102.0,0.6,W,1,2023-24
22301063,1610612747,Los Angeles,Lakers,LAL,lakers,240:00,454.5,90.9,545.0,109.0,-90.5,-18.1,0.686,1.5,17.9,0.212,0.83,0.505,16.162,16.2,0.436,0.479,1.0,0.991,19.9,99.5,82.92,99.0,0.394,L,0,2023-24
22301055,1610612747,Los Angeles,Lakers,LAL,lakers,240:00,641.5,128.3,579.4,115.9,62.1,12.4,0.689,1.94,21.2,0.225,0.755,0.527,15.094,15.1,0.667,0.705,1.0,0.974,21.3,106.5,88.75,106.0,0.564,W,1,2023-24
22301045,1610612747,Los Angeles,Lakers,LAL,lakers,290:00,520.3,104.1,500.0,100.0,20.3,4.1,0.714,1.76,17.4,0.299,0.743,0.532,13.821,13.8,0.454,0.524,1.0,0.986,20.44,102.21,85.17,123.0,0.541,W,1,2023-24
22301032,1610612747,Los Angeles,Lakers,LAL,lakers,240:00,688.1,137.6,665.1,133.0,22.9,4.6,0.56,2.8,19.0,0.244,0.673,0.484,9.174,9.2,0.629,0.695,1.0,0.983,21.8,109.0,90.83,109.0,0.546,W,1,2023-24
22301018,1610612747,Los Angeles,Lakers,LAL,lakers,240:00,510.1,102.0,470.0,94.0,40.1,8.0,0.688,1.05,16.7,0.25,0.723,0.532,21.212,21.2,0.521,0.577,1.0,0.991,19.9,99.5,82.92,99.0,0.573,W,1,2023-24
22300990,1610612747,Los Angeles,Lakers,LAL,lakers,240:00,673.3,134.7,525.0,105.0,148.3,29.7,0.75,4.33,26.7,0.154,0.759,0.515,8.911,8.9,0.661,0.688,1.0,0.972,20.1,100.5,83.75,101.0,0.618,W,1,2023-24
22300973,1610612747,Los Angeles,Lakers,LAL,lakers,240:00,630.2,126.0,673.7,134.7,-43.5,-8.7,0.681,3.2,22.4,0.326,0.66,0.495,10.417,10.4,0.576,0.605,1.0,0.964,19.1,95.5,79.58,96.0,0.477,L,0,2023-24
22300954,1610612747,Los Angeles,Lakers,LAL,lakers,240:00,545.9,109.2,625.0,125.0,-79.1,-15.8,0.658,1.79,19.2,0.167,0.733,0.46,14.286,14.3,0.577,0.61,1.0,0.962,19.4,97.0,80.83,98.0,0.458,L,0,2023-24
22300932,1610612747,Los Angeles,Lakers,LAL,lakers,240:00,600.0,120.0,529.1,105.8,70.9,14.2,0.659,1.38,20.1,0.357,0.737,0.576,21.0,21.0,0.59,0.627,1.0,0.983,20.3,101.5,84.58,100.0,0.587,W,1,2023-24
22300915,1610612747,Los Angeles,Lakers,LAL,lakers,240:00,634.0,126.8,616.2,123.2,17.9,3.6,0.574,5.4,20.8,0.13,0.755,0.453,5.155,5.2,0.611,0.625,1.0,1.0,19.6,98.0,81.67,97.0,0.505,W,1,2023-24
22300901,1610612747,Los Angeles,Lakers,LAL,lakers,240:00,571.4,114.3,625.0,125.0,-53.6,-10.7,0.595,1.79,18.7,0.098,0.75,0.435,13.333,13.3,0.611,0.652,1.0,0.972,20.9,104.5,87.08,105.0,0.464,L,0,2023-24
22300884,1610612747,Los Angeles,Lakers,LAL,lakers,240:00,585.9,117.2,520.0,104.0,65.9,13.2,0.707,1.38,20.4,0.341,0.772,0.592,21.212,21.2,0.613,0.637,1.0,0.982,19.9,99.5,82.92,99.0,0.592,W,1,2023-24
22300869,1610612747,Los Angeles,Lakers,LAL,lakers,240:00,606.4,121.3,652.6,130.5,-46.2,-9.2,0.702,4.71,24.6,0.156,0.667,0.393,7.447,7.4,0.596,0.607,1.0,0.99,18.9,94.5,78.75,94.0,0.446,L,0,2023-24
22300856,1610612747,Los Angeles,Lakers,LAL,lakers,265:00,598.2,119.6,590.1,118.0,8.1,1.6,0.566,2.73,19.5,0.235,0.765,0.5,9.821,9.8,0.564,0.601,1.0,0.976,20.2,100.98,84.15,112.0,0.512,W,1,2023-24
22300848,1610612747,Los Angeles,Lakers,LAL,lakers,240:00,585.9,117.2,571.4,114.3,14.4,2.9,0.596,1.65,20.3,0.275,0.739,0.523,17.172,17.2,0.628,0.642,1.0,0.955,19.7,98.5,82.08,99.0,0.53,W,1,2023-24
22300818,1610612747,Los Angeles,Lakers,LAL,lakers,240:00,570.7,114.1,621.2,124.2,-50.5,-10.1,0.596,2.33,20.9,0.174,0.64,0.417,12.121,12.1,0.606,0.604,1.0,0.972,19.8,99.0,82.5,99.0,0.452,L,0,2023-24
22300813,1610612747,Los Angeles,Lakers,LAL,lakers,240:00,591.3,118.3,572.8,114.6,18.5,3.7,0.571,2.15,19.2,0.292,0.696,0.51,12.5,12.5,0.574,0.598,1.0,0.966,20.7,103.5,86.25,104.0,0.507,W,1,2023-24
22300802,1610612747,Los Angeles,Lakers,LAL,lakers,240:00,544.6,108.9,640.0,128.0,-95.4,-19.1,0.651,2.55,20.0,0.234,0.603,0.438,10.891,10.9,0.545,0.566,1.0,0.973,20.1,100.5,83.75,101.0,0.458,L,0,2023-24
22300788,1610612747,Los Angeles,Lakers,LAL,lakers,240:00,683.2,136.6,592.2,118.4,90.9,18.2,0.654,3.4,23.4,0.256,0.648,0.484,9.901,9.9,0.648,0.679,1.0,0.991,20.4,102.0,85.0,101.0,0.584,W,1,2023-24
22300776,1610612747,Los Angeles,Lakers,LAL,lakers,240:00,595.2,119.0,523.6,104.7,71.7,14.3,0.744,2.0,21.9,0.209,0.662,0.481,15.238,15.2,0.595,0.643,1.0,0.982,21.1,105.5,87.92,105.0,0.6,W,1,2023-24
22300747,1610612747,Los Angeles,Lakers,LAL,lakers,240:00,688.1,137.6,604.0,120.8,84.2,16.8,0.653,4.0,22.4,0.244,0.711,0.488,7.921,7.9,0.636,0.681,1.0,0.973,20.2,101.0,84.17,101.0,0.547,W,1,2023-24
22300740,1610612747,Los Angeles,Lakers,LAL,lakers,240:00,557.9,111.6,593.8,118.8,-35.9,-7.2,0.659,3.86,20.1,0.235,0.588,0.412,7.368,7.4,0.506,0.537,1.0,0.991,19.1,95.5,79.58,95.0,0.496,L,0,2023-24
22300713,1610612747,Los Angeles,Lakers,LAL,lakers,240:00,574.1,114.8,556.6,111.3,17.5,3.5,0.72,2.12,23.8,0.22,0.882,0.587,15.741,15.7,0.607,0.637,1.0,0.974,21.4,107.0,89.17,108.0,0.567,W,1,2023-24
22300701,1610612747,Los Angeles,Lakers,LAL,lakers,240:00,607.5,121.5,564.5,112.9,43.0,8.6,0.718,5.6,22.0,0.143,0.65,0.441,5.376,5.4,0.563,0.615,1.0,0.98,18.6,93.0,77.5,93.0,0.593,W,1,2023-24
22300684,1610612747,Los Angeles,Lakers,LAL,lakers,240:00,575.8,115.2,530.3,106.1,45.5,9.1,0.789,4.29,20.7,0.271,0.679,0.47,7.071,7.1,0.505,0.541,1.0,0.983,19.8,99.0,82.5,99.0,0.546,W,1,2023-24
22300669,1610612747,Los Angeles,Lakers,LAL,lakers,240:00,559.6,111.9,638.9,127.8,-79.3,-15.9,0.583,2.0,19.2,0.188,0.694,0.443,12.844,12.8,0.6,0.604,1.0,0.975,21.7,108.5,90.42,109.0,0.447,L,0,2023-24
22300662,1610612747,Los Angeles,Lakers,LAL,lakers,240:00,545.9,109.2,619.3,123.9,-73.4,-14.7,0.578,2.17,18.6,0.12,0.688,0.398,11.009,11.0,0.566,0.581,1.0,0.991,21.8,109.0,90.83,109.0,0.431,L,0,2023-24
22300650,1610612747,Los Angeles,Lakers,LAL,lakers,290:00,570.9,114.2,566.9,113.4,3.9,0.8,0.673,1.65,19.0,0.25,0.716,0.504,15.748,15.7,0.53,0.605,1.0,0.979,21.02,105.1,87.59,127.0,0.548,W,1,2023-24
22300633,1610612747,Los Angeles,Lakers,LAL,lakers,240:00,684.5,136.9,640.8,128.2,43.7,8.7,0.66,2.5,24.1,0.194,0.628,0.43,13.592,13.6,0.724,0.736,1.0,0.964,20.6,103.0,85.83,103.0,0.535,W,1,2023-24
22300618,1610612747,Los Angeles,Lakers,LAL,lakers,240:00,574.3,114.9,628.7,125.7,-54.5,-10.9,0.6,1.8,18.5,0.36,0.789,0.545,14.851,14.9,0.549,0.57,1.0,0.983,20.2,101.0,84.17,101.0,0.446,L,0,2023-24
22300605,1610612747,Los Angeles,Lakers,LAL,lakers,240:00,656.9,131.4,544.6,108.9,112.3,22.5,0.596,2.0,19.4,0.35,0.735,0.562,13.725,13.7,0.622,0.678,1.0,0.957,20.3,101.5,84.58,102.0,0.617,W,1,2023-24
22300591,1610612747,Los Angeles,Lakers,LAL,lakers,240:00,554.5,110.9,650.0,130.0,-95.5,-19.1,0.775,2.21,21.1,0.294,0.739,0.505,13.861,13.9,0.511,0.557,1.0,0.974,20.1,100.5,83.75,101.0,0.454,L,0,2023-24
22300577,1610612747,Los Angeles,Lakers,LAL,lakers,240:00,628.7,125.7,539.2,107.8,89.5,17.9,0.673,3.0,22.4,0.289,0.72,0.516,10.891,10.9,0.604,0.625,1.0,0.974,20.3,101.5,84.58,101.0,0.588,W,1,2023-24
22300565,1610612747,Los Angeles,Lakers,LAL,lakers,240:00,571.4,114.3,525.0,105.0,46.4,9.3,0.682,1.76,21.4,0.293,0.714,0.536,17.347,17.3,0.571,0.609,1.0,0.991,19.8,99.0,82.5,98.0,0.578,W,1,2023-24
22300549,1610612747,Los Angeles,Lakers,LAL,lakers,240:00,595.2,119.0,616.8,123.4,-21.6,-4.3,0.652,2.5,20.8,0.184,0.66,0.431,11.429,11.4,0.571,0.609,1.0,1.0,21.2,106.0,88.33,105.0,0.471,L,0,2023-24
22300531,1610612747,Los Angeles,Lakers,LAL,lakers,240:00,539.6,107.9,628.7,125.7,-89.1,-17.8,0.825,1.83,23.1,0.205,0.688,0.457,17.822,17.8,0.581,0.599,1.0,0.982,20.2,101.0,84.17,101.0,0.443,L,0,2023-24
22300516,1610612747,Los Angeles,Lakers,LAL,lakers,240:00,628.6,125.7,623.8,124.8,4.8,1.0,0.773,2.27,23.1,0.195,0.837,0.524,14.286,14.3,0.642,0.682,1.0,0.982,21.0,105.0,87.5,105.0,0.517,W,1,2023-24
22300505,1610612747,Los Angeles,Lakers,LAL,lakers,240:00,546.4,109.3,515.0,103.0,31.4,6.3,0.548,1.21,17.7,0.238,0.679,0.49,19.588,19.6,0.579,0.595,1.0,1.0,19.7,98.5,82.08,97.0,0.56,W,1,2023-24
22300491,1610612747,Los Angeles,Lakers,LAL,lakers,240:00,548.5,109.7,622.5,124.5,-74.0,-14.8,0.619,1.86,18.7,0.208,0.775,0.466,13.592,13.6,0.553,0.583,1.0,0.965,20.5,102.5,85.42,103.0,0.448,L,0,2023-24
22300475,1610612747,Los Angeles,Lakers,LAL,lakers,240:00,466.0,93.2,539.2,107.8,-73.2,-14.6,0.829,1.32,19.7,0.306,0.818,0.577,21.359,21.4,0.446,0.513,1.0,0.966,20.5,102.5,85.42,103.0,0.473,L,0,2023-24
22300446,1610612747,Los Angeles,Lakers,LAL,lakers,240:00,539.6,107.9,645.0,129.0,-105.4,-21.1,0.667,2.0,19.3,0.174,0.711,0.44,12.871,12.9,0.537,0.586,1.0,0.972,20.1,100.5,83.75,101.0,0.444,L,0,2023-24
22300443,1610612747,Los Angeles,Lakers,LAL,lakers,240:00,524.8,105.0,545.5,109.1,-20.7,-4.1,0.622,2.3,16.8,0.241,0.795,0.473,9.901,9.9,0.46,0.519,1.0,0.956,20.0,100.0,83.33,101.0,0.491,L,0,2023-24
22300428,1610612747,Los Angeles,Lakers,LAL,lakers,240:00,627.4,125.5,533.3,106.7,94.0,18.8,0.788,3.73,26.3,0.2,0.784,0.51,10.377,10.4,0.613,0.645,1.0,0.974,21.1,105.5,87.92,106.0,0.605,W,1,2023-24
22300403,1610612747,Los Angeles,Lakers,LAL,lakers,240:00,586.7,117.3,642.9,128.6,-56.1,-11.2,0.558,2.0,17.5,0.306,0.72,0.515,12.245,12.2,0.55,0.579,1.0,0.982,19.6,98.0,81.67,98.0,0.427,L,0,2023-24
22300397,1610612747,Los Angeles,Lakers,LAL,lakers,240:00,645.0,129.0,612.2,122.4,32.8,6.6,0.787,4.11,24.7,0.289,0.725,0.521,9.0,9.0,0.611,0.644,1.0,0.965,19.8,99.0,82.5,100.0,0.571,W,1,2023-24
22300380,1610612747,Los Angeles,Lakers,LAL,lakers,240:00,544.1,108.8,578.4,115.7,-34.3,-6.9,0.512,1.17,15.8,0.233,0.723,0.489,17.647,17.6,0.554,0.593,1.0,0.973,20.4,102.0,85.0,102.0,0.437,L,0,2023-24
22300370,1610612747,Los Angeles,Lakers,LAL,lakers,240:00,524.3,104.9,601.9,120.4,-77.7,-15.5,0.643,1.93,19.3,0.212,0.8,0.467,13.592,13.6,0.511,0.537,1.0,0.982,20.6,103.0,85.83,103.0,0.436,L,0,2023-24
22300359,1610612747,Los Angeles,Lakers,LAL,lakers,240:00,534.3,106.9,558.8,111.8,-24.5,-4.9,0.69,2.9,20.3,0.211,0.75,0.457,9.804,9.8,0.49,0.52,1.0,0.991,20.4,102.0,85.0,102.0,0.48,L,0,2023-24
22300331,1610612747,Los Angeles,Lakers,LAL,lakers,240:00,575.0,115.0,651.5,130.3,-76.5,-15.3,0.744,5.33,22.7,0.224,0.729,0.474,6.0,6.0,0.545,0.568,1.0,0.991,19.9,99.5,82.92,100.0,0.464,L,0,2023-24
22300316,1610612747,Los Angeles,Lakers,LAL,lakers,240:00,554.5,110.9,540.9,108.2,13.6,2.7,0.633,1.94,21.1,0.152,0.774,0.485,14.545,14.5,0.615,0.619,1.0,0.991,22.0,110.0,91.67,110.0,0.545,W,1,2023-24
22300306,1610612747,Los Angeles,Lakers,LAL,lakers,240:00,651.0,130.2,654.6,130.9,-3.6,-0.7,0.694,2.27,23.1,0.386,0.696,0.544,15.625,15.6,0.621,0.632,1.0,0.991,19.3,96.5,80.42,96.0,0.495,L,0,2023-24
22301230,1610612747,Los Angeles,Lakers,LAL,lakers,240:00,639.4,127.9,432.0,86.4,207.4,41.5,0.66,2.07,21.1,0.295,0.766,0.574,14.423,14.4,0.645,0.673,1.0,0.974,20.7,103.5,86.25,104.0,0.724,W,1,2023-24
22301203,1610612747,Los Angeles,Lakers,LAL,lakers,240:00,546.4,109.3,525.5,105.1,20.9,4.2,0.632,2.4,16.3,0.394,0.692,0.505,10.309,10.3,0.417,0.469,1.0,0.984,19.5,97.5,81.25,97.0,0.46,W,1,2023-24
22300291,1610612747,Los Angeles,Lakers,LAL,lakers,240:00,524.5,104.9,475.5,95.1,49.0,9.8,0.6,2.0,17.5,0.2,0.741,0.468,11.765,11.8,0.494,0.53,1.0,0.965,20.4,102.0,85.0,102.0,0.56,W,1,2023-24
22300271,1610612747,Los Angeles,Lakers,LAL,lakers,240:00,523.8,104.8,639.4,127.9,-115.6,-23.1,0.667,1.71,17.6,0.149,0.8,0.467,13.333,13.3,0.512,0.578,1.0,0.964,20.9,104.5,87.08,105.0,0.406,L,0,2023-24
22300258,1610612747,Los Angeles,Lakers,LAL,lakers,240:00,627.4,125.5,504.7,100.9,122.6,24.5,0.622,2.33,19.2,0.283,0.793,0.567,11.321,11.3,0.58,0.635,1.0,0.992,21.2,106.0,88.33,106.0,0.659,W,1,2023-24
22300255,1610612747,Los Angeles,Lakers,LAL,lakers,240:00,489.6,97.9,711.3,142.3,-221.8,-44.4,0.59,1.35,17.8,0.217,0.646,0.436,17.708,17.7,0.512,0.53,1.0,0.991,19.3,96.5,80.42,96.0,0.313,L,0,2023-24
22300242,1610612747,Los Angeles,Lakers,LAL,lakers,240:00,570.8,114.2,537.4,107.5,33.4,6.7,0.723,1.89,22.5,0.267,0.8,0.547,16.981,17.0,0.572,0.61,1.0,1.0,21.3,106.5,88.75,106.0,0.533,W,1,2023-24
22300238,1610612747,Los Angeles,Lakers,LAL,lakers,240:00,520.6,104.1,547.4,109.5,-26.7,-5.3,0.667,2.0,19.3,0.24,0.783,0.536,13.402,13.4,0.53,0.547,1.0,0.945,19.2,96.0,80.0,97.0,0.508,L,0,2023-24
22300042,1610612747,Los Angeles,Lakers,LAL,lakers,240:00,629.8,126.0,476.0,95.2,153.8,30.8,0.714,2.33,23.5,0.256,0.742,0.554,14.423,14.4,0.634,0.669,1.0,0.965,20.8,104.0,86.67,104.0,0.691,W,1,2023-24
22300216,1610612747,Los Angeles,Lakers,LAL,lakers,240:00,535.7,107.1,530.6,106.1,5.1,1.0,0.667,1.44,18.6,0.348,0.791,0.562,18.367,18.4,0.506,0.548,1.0,0.974,19.6,98.0,81.67,98.0,0.521,W,1,2023-24
22300036,1610612747,Los Angeles,Lakers,LAL,lakers,240:00,551.5,110.3,494.8,99.0,56.8,11.4,0.675,1.5,19.7,0.326,0.643,0.505,18.557,18.6,0.568,0.59,1.0,0.973,19.3,96.5,80.42,97.0,0.604,W,1,2023-24
22300198,1610612747,Los Angeles,Lakers,LAL,lakers,240:00,504.6,100.9,573.4,114.7,-68.8,-13.8,0.595,1.09,17.7,0.163,0.76,0.484,21.101,21.1,0.572,0.602,1.0,0.983,21.8,109.0,90.83,109.0,0.449,L,0,2023-24
22300026,1610612747,Los Angeles,Lakers,LAL,lakers,240:00,690.7,138.1,545.9,109.2,144.8,29.0,0.638,1.58,21.0,0.444,0.676,0.596,19.588,19.6,0.716,0.732,1.0,0.973,19.5,97.5,81.25,97.0,0.652,W,1,2023-24
22300187,1610612747,Los Angeles,Lakers,LAL,lakers,240:00,574.3,114.9,544.6,108.9,29.7,5.9,0.659,3.0,19.7,0.2,0.778,0.489,8.911,8.9,0.512,0.578,1.0,0.982,20.2,101.0,84.17,101.0,0.566,W,1,2023-24
22300015,1610612747,Los Angeles,Lakers,LAL,lakers,240:00,616.2,123.2,601.0,120.2,15.2,3.0,0.643,2.45,19.7,0.239,0.63,0.45,11.111,11.1,0.571,0.616,1.0,0.982,19.8,99.0,82.5,99.0,0.548,W,1,2023-24
22300163,1610612747,Los Angeles,Lakers,LAL,lakers,240:00,474.7,94.9,646.5,129.3,-171.7,-34.3,0.556,2.22,16.1,0.132,0.638,0.37,9.091,9.1,0.465,0.492,1.0,1.0,19.8,99.0,82.5,99.0,0.361,L,0,2023-24
22300150,1610612747,Los Angeles,Lakers,LAL,lakers,240:00,540.4,108.1,545.5,109.1,-5.1,-1.0,0.636,1.65,21.2,0.128,0.708,0.448,17.172,17.2,0.593,0.614,1.0,0.981,19.8,99.0,82.5,99.0,0.492,L,0,2023-24
22300134,1610612747,Los Angeles,Lakers,LAL,lakers,240:00,515.3,103.1,618.6,123.7,-103.3,-20.7,0.459,1.0,13.2,0.319,0.552,0.448,17.347,17.3,0.488,0.542,1.0,0.982,19.5,97.5,81.25,98.0,0.414,L,0,2023-24
22300127,1610612747,Los Angeles,Lakers,LAL,lakers,265:00,596.3,119.3,568.2,113.6,28.1,5.6,0.609,2.0,18.8,0.26,0.759,0.528,12.844,12.8,0.572,0.614,1.0,0.992,19.83,99.17,82.64,109.0,0.578,W,1,2023-24
22300111,1610612747,Los Angeles,Lakers,LAL,lakers,240:00,535.4,107.1,520.2,104.0,15.2,3.0,0.667,1.75,21.2,0.125,0.7,0.47,16.162,16.2,0.582,0.61,1.0,0.981,19.8,99.0,82.5,99.0,0.564,W,1,2023-24
22300100,1610612747,Los Angeles,Lakers,LAL,lakers,265:00,557.0,111.4,584.1,116.8,-27.1,-5.4,0.628,2.25,17.3,0.259,0.817,0.542,10.526,10.5,0.515,0.562,1.0,0.977,20.56,102.79,85.66,114.0,0.492,L,0,2023-24
22300076,1610612747,Los Angeles,Lakers,LAL,lakers,240:00,480.8,96.2,452.4,90.5,28.4,5.7,0.667,1.5,17.4,0.192,0.735,0.455,15.385,15.4,0.458,0.517,1.0,0.991,20.9,104.5,87.08,104.0,0.565,W,1,2023-24
22300061,1610612747,Los Angeles,Lakers,LAL,lakers,240:00,557.3,111.5,626.3,125.3,-69.0,-13.8,0.561,1.92,16.8,0.346,0.711,0.515,12.5,12.5,0.511,0.541,1.0,0.965,19.1,95.5,79.58,96.0,0.421,L,0,2023-24
22201228,1610612747,Los Angeles,Lakers,LAL,lakers,240:00,609.5,121.9,551.9,110.4,57.6,11.5,0.596,2.55,19.2,0.25,0.804,0.524,10.476,10.5,0.577,0.602,1.0,0.983,21.1,105.5,87.92,105.0,0.53,W,1,2022-23
22201212,1610612747,Los Angeles,Lakers,LAL,lakers,240:00,581.7,116.3,514.4,102.9,67.3,13.5,0.556,1.56,17.6,0.271,0.73,0.532,15.385,15.4,0.587,0.608,1.0,0.974,20.8,104.0,86.67,104.0,0.559,W,1,2022-23
22201196,1610612747,Los Angeles,Lakers,LAL,lakers,240:00,561.9,112.4,595.2,119.0,-33.3,-6.7,0.6,1.93,18.9,0.239,0.878,0.54,13.333,13.3,0.573,0.593,1.0,0.983,21.0,105.0,87.5,105.0,0.469,L,0,2022-23
22201186,1610612747,Los Angeles,Lakers,LAL,lakers,265:00,608.1,121.6,599.1,119.8,9.0,1.8,0.563,2.25,17.8,0.288,0.804,0.531,10.811,10.8,0.563,0.606,1.0,0.976,20.11,100.53,83.77,111.0,0.516,W,1,2022-23
22201171,1610612747,Los Angeles,Lakers,LAL,lakers,240:00,670.0,134.0,550.5,110.1,119.5,23.9,0.692,6.0,24.3,0.273,0.7,0.519,6.0,6.0,0.608,0.636,1.0,0.973,19.9,99.5,82.92,100.0,0.651,W,1,2022-23
22201157,1610612747,Los Angeles,Lakers,LAL,lakers,240:00,580.2,116.0,533.7,106.7,46.5,9.3,0.622,1.75,18.4,0.383,0.764,0.588,15.094,15.1,0.55,0.596,1.0,0.968,21.0,105.0,87.5,106.0,0.592,W,1,2022-23
22201140,1610612747,Los Angeles,Lakers,LAL,lakers,240:00,617.3,123.5,555.6,111.1,61.8,12.4,0.489,1.38,16.1,0.395,0.795,0.598,16.327,16.3,0.564,0.61,1.0,0.983,19.7,98.5,82.08,98.0,0.535,W,1,2022-23
22201114,1610612747,Los Angeles,Lakers,LAL,lakers,240:00,574.5,114.9,614.6,122.9,-40.1,-8.0,0.632,1.33,18.9,0.209,0.738,0.471,19.149,19.1,0.593,0.618,1.0,0.99,19.0,95.0,79.17,94.0,0.427,L,0,2022-23
22201106,1610612747,Los Angeles,Lakers,LAL,lakers,240:00,597.9,119.6,566.3,113.3,31.6,6.3,0.476,1.82,14.8,0.346,0.731,0.538,11.34,11.3,0.527,0.561,1.0,0.991,19.5,97.5,81.25,97.0,0.533,W,1,2022-23
22201092,1610612747,Los Angeles,Lakers,LAL,lakers,240:00,592.2,118.4,549.5,109.9,42.7,8.5,0.692,1.8,19.7,0.2,0.7,0.494,14.563,14.6,0.614,0.676,1.0,0.945,20.4,102.0,85.0,103.0,0.601,W,1,2022-23
22201070,1610612747,Los Angeles,Lakers,LAL,lakers,240:00,566.3,113.3,535.7,107.1,30.6,6.1,0.694,1.67,18.8,0.222,0.714,0.509,15.306,15.3,0.545,0.603,1.0,0.981,19.6,98.0,81.67,98.0,0.59,W,1,2022-23
22201054,1610612747,Los Angeles,Lakers,LAL,lakers,240:00,597.8,119.6,603.3,120.7,-5.4,-1.1,0.535,1.92,17.2,0.396,0.756,0.562,13.043,13.0,0.542,0.563,1.0,0.973,18.4,92.0,76.67,92.0,0.499,L,0,2022-23
22201038,1610612747,Los Angeles,Lakers,LAL,lakers,240:00,544.6,108.9,564.4,112.9,-19.8,-4.0,0.618,2.1,15.3,0.286,0.622,0.436,9.901,9.9,0.439,0.518,1.0,0.974,20.2,101.0,84.17,101.0,0.475,L,0,2022-23
22201030,1610612747,Los Angeles,Lakers,LAL,lakers,240:00,621.2,124.2,551.0,110.2,70.2,14.0,0.6,1.33,17.3,0.372,0.65,0.534,18.182,18.2,0.598,0.652,1.0,0.965,19.7,98.5,82.08,99.0,0.615,W,1,2022-23
22201019,1610612747,Los Angeles,Lakers,LAL,lakers,240:00,574.5,114.9,589.5,117.9,-15.0,-3.0,0.558,2.18,18.2,0.286,0.681,0.479,11.702,11.7,0.551,0.56,1.0,0.991,18.9,94.5,78.75,94.0,0.472,L,0,2022-23
22201003,1610612747,Los Angeles,Lakers,LAL,lakers,240:00,604.0,120.8,554.5,110.9,49.5,9.9,0.622,1.33,20.4,0.229,0.739,0.519,20.792,20.8,0.644,0.69,1.0,0.972,20.2,101.0,84.17,101.0,0.538,W,1,2022-23
22200984,1610612747,Los Angeles,Lakers,LAL,lakers,240:00,523.4,104.7,481.3,96.3,42.1,8.4,0.659,1.8,18.4,0.245,0.883,0.584,14.019,14.0,0.494,0.545,1.0,0.967,21.4,107.0,89.17,107.0,0.59,W,1,2022-23
22200964,1610612747,Los Angeles,Lakers,LAL,lakers,240:00,570.7,114.1,530.3,106.1,40.4,8.1,0.69,3.22,20.0,0.309,0.754,0.536,9.091,9.1,0.5,0.54,1.0,0.966,19.8,99.0,82.5,99.0,0.556,W,1,2022-23
22200955,1610612747,Los Angeles,Lakers,LAL,lakers,240:00,510.0,102.0,550.0,110.0,-40.0,-8.0,0.639,1.53,16.8,0.264,0.714,0.48,15.0,15.0,0.471,0.523,1.0,0.974,20.0,100.0,83.33,100.0,0.429,L,0,2022-23
22200940,1610612747,Los Angeles,Lakers,LAL,lakers,240:00,621.2,124.2,590.9,118.2,30.3,6.1,0.579,1.69,16.3,0.298,0.667,0.49,13.131,13.1,0.575,0.633,1.0,0.982,19.8,99.0,82.5,99.0,0.529,W,1,2022-23
22200927,1610612747,Los Angeles,Lakers,LAL,lakers,240:00,500.0,100.0,560.2,112.0,-60.2,-12.0,0.579,0.85,15.0,0.314,0.694,0.522,23.853,23.9,0.517,0.567,1.0,0.976,21.7,108.5,90.42,109.0,0.454,L,0,2022-23
22200913,1610612747,Los Angeles,Lakers,LAL,lakers,240:00,549.5,109.9,534.7,106.9,14.9,3.0,0.595,2.27,17.1,0.345,0.719,0.53,10.891,10.9,0.464,0.508,1.0,0.975,20.2,101.0,84.17,101.0,0.566,W,1,2022-23
22200893,1610612747,Los Angeles,Lakers,LAL,lakers,240:00,590.5,118.1,528.6,105.7,61.9,12.4,0.714,1.88,19.9,0.327,0.706,0.547,15.238,15.2,0.581,0.614,1.0,0.967,21.0,105.0,87.5,105.0,0.601,W,1,2022-23
22200882,1610612747,Los Angeles,Lakers,LAL,lakers,240:00,594.1,118.8,500.0,100.0,94.1,18.8,0.727,2.91,22.7,0.17,0.709,0.461,10.891,10.9,0.59,0.607,1.0,0.982,20.3,101.5,84.58,101.0,0.6,W,1,2022-23
22200867,1610612747,Los Angeles,Lakers,LAL,lakers,240:00,563.7,112.7,622.5,124.5,-58.8,-11.8,0.571,1.85,16.7,0.327,0.827,0.57,12.745,12.7,0.505,0.552,1.0,0.983,20.4,102.0,85.0,102.0,0.465,L,0,2022-23
22200853,1610612747,Los Angeles,Lakers,LAL,lakers,240:00,514.2,102.8,485.8,97.2,28.3,5.7,0.475,1.19,13.9,0.24,0.772,0.523,15.094,15.1,0.494,0.543,1.0,0.966,21.2,106.0,88.33,106.0,0.514,W,1,2022-23
22200834,1610612747,Los Angeles,Lakers,LAL,lakers,240:00,535.4,107.1,575.0,115.0,-39.6,-7.9,0.548,1.92,17.2,0.24,0.625,0.443,12.121,12.1,0.511,0.539,1.0,0.991,19.9,99.5,82.92,99.0,0.46,L,0,2022-23
22200821,1610612747,Los Angeles,Lakers,LAL,lakers,240:00,585.6,117.1,593.8,118.8,-8.2,-1.6,0.551,1.29,18.5,0.22,0.804,0.529,18.919,18.9,0.659,0.674,1.0,0.983,22.3,111.5,92.92,111.0,0.474,L,0,2022-23
22200798,1610612747,Los Angeles,Lakers,LAL,lakers,240:00,605.8,121.2,629.8,126.0,-24.0,-4.8,0.667,3.33,20.0,0.314,0.646,0.475,8.654,8.7,0.537,0.581,1.0,0.983,20.8,104.0,86.67,104.0,0.479,L,0,2022-23
22200778,1610612747,Los Angeles,Lakers,LAL,lakers,240:00,533.3,106.7,528.6,105.7,4.8,1.0,0.69,2.23,19.3,0.286,0.833,0.538,12.381,12.4,0.489,0.53,1.0,0.983,21.0,105.0,87.5,105.0,0.511,W,1,2022-23
22200765,1610612747,Los Angeles,Lakers,LAL,lakers,265:00,597.2,119.4,574.8,115.0,22.5,4.5,0.604,2.07,19.5,0.271,0.727,0.515,12.963,13.0,0.575,0.605,1.0,0.992,19.47,97.36,81.13,108.0,0.516,W,1,2022-23
22200757,1610612747,Los Angeles,Lakers,LAL,lakers,240:00,520.0,104.0,611.1,122.2,-91.1,-18.2,0.686,1.71,16.7,0.35,0.725,0.523,14.0,14.0,0.455,0.494,1.0,0.983,19.9,99.5,82.92,100.0,0.41,L,0,2022-23
22200749,1610612747,Los Angeles,Lakers,LAL,lakers,265:00,560.2,112.0,573.4,114.7,-13.2,-2.6,0.638,2.5,19.4,0.305,0.844,0.538,11.111,11.1,0.505,0.532,1.0,0.992,19.65,98.26,81.89,108.0,0.464,L,0,2022-23
22200729,1610612747,Los Angeles,Lakers,LAL,lakers,240:00,523.1,104.6,481.5,96.3,41.7,8.3,0.625,1.25,16.6,0.346,0.676,0.533,18.519,18.5,0.5,0.547,1.0,0.968,21.6,108.0,90.0,108.0,0.601,W,1,2022-23
22200719,1610612747,Los Angeles,Lakers,LAL,lakers,240:00,599.0,119.8,692.7,138.5,-93.8,-18.8,0.5,3.0,15.8,0.293,0.714,0.452,7.292,7.3,0.526,0.545,1.0,0.982,19.2,96.0,80.0,96.0,0.397,L,0,2022-23
22200705,1610612747,Los Angeles,Lakers,LAL,lakers,240:00,611.1,122.2,565.7,113.1,45.5,9.1,0.511,1.77,16.8,0.333,0.774,0.571,13.131,13.1,0.581,0.618,1.0,0.974,19.8,99.0,82.5,99.0,0.574,W,1,2022-23
22200690,1610612747,Los Angeles,Lakers,LAL,lakers,240:00,575.5,115.1,570.8,114.2,4.7,0.9,0.632,2.4,16.2,0.3,0.559,0.438,9.434,9.4,0.478,0.549,1.0,0.976,21.2,106.0,88.33,106.0,0.532,W,1,2022-23
22200677,1610612747,Los Angeles,Lakers,LAL,lakers,240:00,578.1,115.6,610.5,122.1,-32.4,-6.5,0.605,3.71,19.4,0.245,0.681,0.458,7.292,7.3,0.545,0.573,1.0,0.954,19.1,95.5,79.58,96.0,0.486,L,0,2022-23
22200664,1610612747,Los Angeles,Lakers,LAL,lakers,240:00,707.1,141.4,666.7,133.3,40.4,8.1,0.469,11.5,17.3,0.25,0.582,0.434,2.02,2.0,0.604,0.658,1.0,0.982,19.8,99.0,82.5,99.0,0.551,W,1,2022-23
22200655,1610612747,Los Angeles,Lakers,LAL,lakers,240:00,583.3,116.7,582.5,116.5,0.9,0.2,0.583,2.55,21.5,0.146,0.795,0.482,11.458,11.5,0.586,0.604,1.0,0.98,19.3,96.5,80.42,96.0,0.498,L,0,2022-23
22200630,1610612747,Los Angeles,Lakers,LAL,lakers,290:00,487.3,97.5,495.8,99.2,-8.5,-1.7,0.545,2.4,15.2,0.233,0.9,0.504,8.475,8.5,0.438,0.464,1.0,0.985,19.7,98.48,82.07,118.0,0.467,L,0,2022-23
22200609,1610612747,Los Angeles,Lakers,LAL,lakers,240:00,509.3,101.9,564.8,113.0,-55.5,-11.1,0.488,1.43,14.5,0.2,0.685,0.44,13.084,13.1,0.484,0.524,1.0,0.983,21.5,107.5,89.58,107.0,0.44,L,0,2022-23
22200595,1610612747,Los Angeles,Lakers,LAL,lakers,240:00,673.3,134.7,656.9,131.4,16.4,3.3,0.52,1.53,18.7,0.333,0.63,0.5,16.832,16.8,0.665,0.705,1.0,0.991,20.3,101.5,84.58,101.0,0.533,W,1,2022-23
22200590,1610612747,Los Angeles,Lakers,LAL,lakers,240:00,596.3,119.3,522.9,104.6,73.4,14.7,0.647,1.83,21.7,0.227,0.818,0.556,16.514,16.5,0.634,0.65,1.0,0.966,21.8,109.0,90.83,109.0,0.578,W,1,2022-23
22200574,1610612747,Los Angeles,Lakers,LAL,lakers,240:00,565.7,113.1,550.5,110.1,15.2,3.0,0.5,1.18,15.3,0.279,0.655,0.49,17.172,17.2,0.543,0.594,1.0,0.991,19.8,99.0,82.5,99.0,0.528,W,1,2022-23
22200551,1610612747,Los Angeles,Lakers,LAL,lakers,240:00,550.0,110.0,527.5,105.5,22.5,4.5,0.578,1.73,17.6,0.222,0.807,0.523,13.636,13.6,0.538,0.57,1.0,0.975,21.9,109.5,91.25,110.0,0.532,W,1,2022-23
22200530,1610612747,Los Angeles,Lakers,LAL,lakers,240:00,613.2,122.6,576.2,115.2,37.0,7.4,0.654,2.13,21.9,0.333,0.754,0.569,15.094,15.1,0.594,0.625,1.0,0.975,21.1,105.5,87.92,106.0,0.594,W,1,2022-23
22200518,1610612747,Los Angeles,Lakers,LAL,lakers,240:00,526.9,105.4,589.5,117.9,-62.6,-12.5,0.676,0.96,18.9,0.333,0.72,0.543,27.957,28.0,0.565,0.586,1.0,0.981,18.8,94.0,78.33,93.0,0.429,L,0,2022-23
22200505,1610612747,Los Angeles,Lakers,LAL,lakers,240:00,638.6,127.7,550.0,110.0,88.6,17.7,0.653,2.29,22.1,0.302,0.822,0.568,13.861,13.9,0.639,0.662,1.0,0.973,20.1,100.5,83.75,101.0,0.573,W,1,2022-23
22200494,1610612747,Los Angeles,Lakers,LAL,lakers,240:00,611.7,122.3,652.6,130.5,-40.9,-8.2,0.462,1.8,14.6,0.256,0.711,0.489,10.638,10.6,0.544,0.611,1.0,0.971,18.9,94.5,78.75,94.0,0.456,L,0,2022-23
22200492,1610612747,Los Angeles,Lakers,LAL,lakers,240:00,607.5,121.5,626.2,125.2,-18.7,-3.7,0.563,1.59,18.2,0.304,0.705,0.5,15.888,15.9,0.625,0.639,1.0,0.983,21.4,107.0,89.17,107.0,0.462,L,0,2022-23
22200475,1610612747,Los Angeles,Lakers,LAL,lakers,240:00,571.4,114.3,626.2,125.2,-54.7,-10.9,0.595,1.67,18.4,0.133,0.706,0.438,14.286,14.3,0.565,0.617,1.0,0.991,21.2,106.0,88.33,105.0,0.46,L,0,2022-23
22200459,1610612747,Los Angeles,Lakers,LAL,lakers,240:00,536.1,107.2,677.1,135.4,-141.0,-28.2,0.333,0.87,10.6,0.28,0.633,0.455,15.464,15.5,0.517,0.55,1.0,0.973,19.3,96.5,80.42,97.0,0.369,L,0,2022-23
22200451,1610612747,Los Angeles,Lakers,LAL,lakers,240:00,577.7,115.5,568.0,113.6,9.7,1.9,0.63,3.22,20.6,0.184,0.741,0.476,8.738,8.7,0.56,0.585,1.0,0.982,20.6,103.0,85.83,103.0,0.521,W,1,2022-23
22200437,1610612747,Los Angeles,Lakers,LAL,lakers,240:00,605.8,121.2,524.3,104.9,81.5,16.3,0.604,1.93,19.6,0.326,0.791,0.551,14.423,14.4,0.593,0.62,1.0,0.966,20.7,103.5,86.25,104.0,0.572,W,1,2022-23
22200413,1610612747,Los Angeles,Lakers,LAL,lakers,265:00,531.5,106.3,544.6,108.9,-13.1,-2.6,0.523,1.92,16.0,0.192,0.733,0.482,10.811,10.8,0.516,0.556,1.0,0.975,20.2,100.98,84.15,111.0,0.525,L,0,2022-23
22200396,1610612747,Los Angeles,Lakers,LAL,lakers,240:00,626.3,125.3,579.2,115.8,47.1,9.4,0.674,2.82,22.6,0.175,0.725,0.484,11.111,11.1,0.613,0.647,1.0,1.0,20.0,100.0,83.33,99.0,0.559,W,1,2022-23
22200382,1610612747,Los Angeles,Lakers,LAL,lakers,265:00,539.8,108.0,583.3,116.7,-43.5,-8.7,0.659,1.38,19.0,0.229,0.721,0.462,18.584,18.6,0.563,0.603,1.0,0.968,20.56,102.79,85.66,113.0,0.466,L,0,2022-23
22200366,1610612747,Los Angeles,Lakers,LAL,lakers,240:00,528.0,105.6,583.3,116.7,-55.3,-11.1,0.432,1.07,11.9,0.235,0.629,0.451,14.019,14.0,0.466,0.552,1.0,0.992,21.5,107.5,89.58,107.0,0.45,L,0,2022-23
22200360,1610612747,Los Angeles,Lakers,LAL,lakers,240:00,515.2,103.0,585.9,117.2,-70.7,-14.1,0.421,1.0,12.1,0.315,0.733,0.505,16.162,16.2,0.461,0.512,1.0,0.983,19.8,99.0,82.5,99.0,0.399,L,0,2022-23
22200349,1610612747,Los Angeles,Lakers,LAL,lakers,240:00,607.5,121.5,550.9,110.2,56.6,11.3,0.654,2.27,22.2,0.25,0.741,0.519,14.019,14.0,0.594,0.615,1.0,0.992,21.5,107.5,89.58,107.0,0.576,W,1,2022-23
22200331,1610612747,Los Angeles,Lakers,LAL,lakers,240:00,665.0,133.0,651.5,130.3,13.5,2.7,0.615,8.0,22.1,0.298,0.745,0.521,4.0,4.0,0.599,0.624,1.0,0.982,19.9,99.5,82.92,100.0,0.531,W,1,2022-23
22200324,1610612747,Los Angeles,Lakers,LAL,lakers,240:00,646.5,129.3,550.5,110.1,96.0,19.2,0.583,3.5,19.6,0.308,0.725,0.515,8.081,8.1,0.567,0.59,1.0,0.991,19.8,99.0,82.5,99.0,0.586,W,1,2022-23
22200308,1610612747,Los Angeles,Lakers,LAL,lakers,240:00,563.7,112.7,563.1,112.6,0.6,0.1,0.575,1.64,16.1,0.321,0.667,0.504,13.725,13.7,0.489,0.539,1.0,0.992,20.5,102.5,85.42,102.0,0.506,L,0,2022-23
22200288,1610612747,Los Angeles,Lakers,LAL,lakers,240:00,662.0,132.4,644.9,129.0,17.2,3.4,0.532,1.47,18.0,0.167,0.673,0.473,15.741,15.7,0.685,0.735,1.0,0.982,21.5,107.5,89.58,108.0,0.533,W,1,2022-23
22200282,1610612747,Los Angeles,Lakers,LAL,lakers,240:00,514.7,102.9,460.8,92.2,53.9,10.8,0.7,1.27,19.4,0.304,0.656,0.509,21.569,21.6,0.53,0.572,1.0,0.974,20.4,102.0,85.0,102.0,0.614,W,1,2022-23
22200259,1610612747,Los Angeles,Lakers,LAL,lakers,240:00,477.3,95.5,532.4,106.5,-55.1,-11.0,0.528,1.12,13.7,0.192,0.782,0.495,15.455,15.5,0.447,0.523,1.0,0.967,21.8,109.0,90.83,110.0,0.478,L,0,2022-23
22200247,1610612747,Los Angeles,Lakers,LAL,lakers,240:00,591.3,118.3,442.3,88.5,149.0,29.8,0.644,1.93,20.6,0.195,0.768,0.555,14.423,14.4,0.6,0.644,1.0,0.982,20.8,104.0,86.67,104.0,0.684,W,1,2022-23
22200234,1610612747,Los Angeles,Lakers,LAL,lakers,240:00,603.8,120.8,570.8,114.2,33.0,6.6,0.674,1.81,20.3,0.211,0.76,0.523,15.094,15.1,0.596,0.669,1.0,0.974,21.2,106.0,88.33,106.0,0.569,W,1,2022-23
22200198,1610612747,Los Angeles,Lakers,LAL,lakers,240:00,604.2,120.8,542.1,108.4,62.1,12.4,0.568,2.78,18.4,0.313,0.75,0.531,9.375,9.4,0.544,0.581,1.0,0.973,19.1,95.5,79.58,96.0,0.538,W,1,2022-23
22200183,1610612747,Los Angeles,Lakers,LAL,lakers,240:00,575.8,115.2,600.0,120.0,-24.2,-4.8,0.524,1.57,15.9,0.354,0.69,0.511,14.141,14.1,0.534,0.573,1.0,0.983,19.9,99.5,82.92,99.0,0.449,L,0,2022-23
22200170,1610612747,Los Angeles,Lakers,LAL,lakers,240:00,500.0,100.0,558.8,111.8,-58.8,-11.8,0.65,1.63,18.7,0.24,0.814,0.505,15.842,15.8,0.511,0.529,1.0,0.982,20.3,101.5,84.58,101.0,0.446,L,0,2022-23
22200157,1610612747,Los Angeles,Lakers,LAL,lakers,240:00,557.7,111.5,668.3,133.7,-110.6,-22.1,0.375,0.94,11.7,0.209,0.644,0.432,15.385,15.4,0.543,0.609,1.0,0.982,20.8,104.0,86.67,104.0,0.397,L,0,2022-23
22200140,1610612747,Los Angeles,Lakers,LAL,lakers,240:00,495.0,99.0,564.4,112.9,-69.3,-13.9,0.6,1.41,17.5,0.226,0.714,0.461,16.832,16.8,0.506,0.52,1.0,0.973,20.2,101.0,84.17,101.0,0.405,L,0,2022-23
22200131,1610612747,Los Angeles,Lakers,LAL,lakers,240:00,604.2,120.8,670.1,134.0,-65.9,-13.2,0.55,2.0,16.9,0.267,0.635,0.464,11.458,11.5,0.548,0.608,1.0,0.981,19.3,96.5,80.42,96.0,0.457,L,0,2022-23
22200117,1610612747,Los Angeles,Lakers,LAL,lakers,265:00,517.2,103.4,508.7,101.7,8.5,1.7,0.667,1.67,18.9,0.236,0.793,0.522,15.517,15.5,0.51,0.555,1.0,0.977,20.92,104.6,87.17,116.0,0.51,W,1,2022-23
22200095,1610612747,Los Angeles,Lakers,LAL,lakers,240:00,611.1,122.2,550.0,110.0,61.1,12.2,0.522,2.67,17.3,0.308,0.719,0.523,9.091,9.1,0.547,0.577,1.0,0.983,19.9,99.5,82.92,99.0,0.543,W,1,2022-23
22200076,1610612747,Los Angeles,Lakers,LAL,lakers,240:00,467.9,93.6,513.9,102.8,-46.0,-9.2,0.541,0.91,13.9,0.296,0.754,0.539,20.183,20.2,0.466,0.506,1.0,0.984,21.7,108.5,90.42,109.0,0.44,L,0,2022-23
22200064,1610612747,Los Angeles,Lakers,LAL,lakers,240:00,480.6,96.1,528.8,105.8,-48.3,-9.7,0.625,1.79,18.4,0.148,0.808,0.472,13.592,13.6,0.489,0.51,1.0,0.991,20.7,103.5,86.25,103.0,0.423,L,0,2022-23
22200037,1610612747,Los Angeles,Lakers,LAL,lakers,240:00,514.9,103.0,519.6,103.9,-4.8,-1.0,0.634,2.0,18.7,0.226,0.673,0.441,12.871,12.9,0.478,0.516,1.0,0.991,20.3,101.5,84.58,101.0,0.496,L,0,2022-23
22200016,1610612747,Los Angeles,Lakers,LAL,lakers,240:00,457.5,91.5,495.2,99.0,-37.6,-7.5,0.697,2.3,16.2,0.2,0.717,0.414,9.434,9.4,0.399,0.46,1.0,0.966,21.0,105.0,87.5,106.0,0.458,L,0,2022-23
22200002,1610612747,Los Angeles,Lakers,LAL,lakers,240:00,486.6,97.3,534.8,107.0,-48.2,-9.6,0.575,1.05,15.4,0.246,0.719,0.482,19.643,19.6,0.479,0.519,1.0,0.992,22.7,113.5,94.58,112.0,0.452,L,0,2022-23
22101220,1610612747,Los Angeles,Lakers,LAL,lakers,265:00,646.0,129.2,613.0,122.6,33.0,6.6,0.591,2.0,16.7,0.327,0.704,0.519,11.504,11.5,0.553,0.637,1.0,0.985,20.65,103.25,86.04,113.0,0.521,W,1,2021-22
22101211,1610612747,Los Angeles,Lakers,LAL,lakers,240:00,600.0,120.0,500.0,100.0,100.0,20.0,0.561,2.3,17.3,0.217,0.769,0.51,10.0,10.0,0.555,0.605,1.0,0.982,20.1,100.5,83.75,100.0,0.605,W,1,2021-22
22101202,1610612747,Los Angeles,Lakers,LAL,lakers,240:00,528.3,105.7,598.1,119.6,-69.8,-14.0,0.378,0.74,10.6,0.25,0.739,0.489,17.925,17.9,0.5,0.562,1.0,0.983,21.3,106.5,88.75,106.0,0.395,L,0,2021-22
22101189,1610612747,Los Angeles,Lakers,LAL,lakers,240:00,504.6,100.9,550.0,110.0,-45.4,-9.1,0.564,1.38,15.8,0.16,0.778,0.481,14.679,14.7,0.506,0.554,1.0,0.991,21.9,109.5,91.25,109.0,0.435,L,0,2021-22
22101168,1610612747,Los Angeles,Lakers,LAL,lakers,240:00,578.4,115.7,632.4,126.5,-53.9,-10.8,0.633,2.38,21.4,0.267,0.85,0.541,12.745,12.7,0.565,0.583,1.0,0.974,20.4,102.0,85.0,102.0,0.43,L,0,2021-22
22101160,1610612747,Los Angeles,Lakers,LAL,lakers,240:00,528.6,105.7,558.8,111.8,-30.3,-6.1,0.615,1.41,17.1,0.234,0.875,0.529,16.19,16.2,0.543,0.58,1.0,0.94,20.7,103.5,86.25,105.0,0.461,L,0,2021-22
22101150,1610612747,Los Angeles,Lakers,LAL,lakers,240:00,573.7,114.7,635.4,127.1,-61.7,-12.3,0.439,1.64,14.5,0.25,0.673,0.473,11.579,11.6,0.536,0.572,1.0,0.991,19.1,95.5,79.58,95.0,0.441,L,0,2021-22
22101134,1610612747,Los Angeles,Lakers,LAL,lakers,240:00,572.9,114.6,673.7,134.7,-100.8,-20.2,0.5,2.22,15.4,0.288,0.756,0.505,9.375,9.4,0.517,0.557,1.0,0.982,19.1,95.5,79.58,96.0,0.419,L,0,2021-22
22101119,1610612747,Los Angeles,Lakers,LAL,lakers,240:00,574.5,114.9,610.5,122.1,-36.1,-7.2,0.619,1.73,20.3,0.2,0.673,0.461,15.957,16.0,0.613,0.62,1.0,0.99,18.9,94.5,78.75,94.0,0.457,L,0,2021-22
22101093,1610612747,Los Angeles,Lakers,LAL,lakers,240:00,593.1,118.6,617.6,123.5,-24.5,-4.9,0.5,2.08,17.6,0.294,0.783,0.526,11.765,11.8,0.572,0.582,1.0,0.991,20.4,102.0,85.0,102.0,0.455,L,0,2021-22
22101072,1610612747,Los Angeles,Lakers,LAL,lakers,240:00,668.4,133.7,606.1,121.2,62.3,12.5,0.642,4.25,23.9,0.262,0.791,0.529,8.163,8.2,0.628,0.648,1.0,1.0,19.7,98.5,82.08,98.0,0.554,W,1,2021-22
22101061,1610612747,Los Angeles,Lakers,LAL,lakers,240:00,595.0,119.0,641.4,128.3,-46.4,-9.3,0.521,1.67,18.1,0.295,0.791,0.54,15.0,15.0,0.599,0.621,1.0,0.947,19.9,99.5,82.92,100.0,0.434,L,0,2021-22
22101051,1610612747,Los Angeles,Lakers,LAL,lakers,265:00,627.5,125.5,602.9,120.6,24.5,4.9,0.702,2.36,21.4,0.358,0.647,0.5,13.725,13.7,0.589,0.608,1.0,0.975,18.48,92.38,76.98,102.0,0.519,W,1,2021-22
22101039,1610612747,Los Angeles,Lakers,LAL,lakers,240:00,520.0,104.0,613.9,122.8,-93.9,-18.8,0.59,1.64,16.4,0.304,0.569,0.43,14.0,14.0,0.473,0.504,1.0,1.0,20.1,100.5,83.75,100.0,0.39,L,0,2021-22
22101028,1610612747,Los Angeles,Lakers,LAL,lakers,240:00,500.0,100.0,548.1,109.6,-48.1,-9.6,0.588,1.54,15.0,0.175,0.629,0.412,12.621,12.6,0.466,0.516,1.0,0.991,20.7,103.5,86.25,103.0,0.407,L,0,2021-22
22101019,1610612747,Los Angeles,Lakers,LAL,lakers,240:00,528.6,105.7,679.6,135.9,-151.0,-30.2,0.667,1.26,17.1,0.245,0.696,0.463,18.095,18.1,0.543,0.586,1.0,0.974,20.8,104.0,86.67,105.0,0.363,L,0,2021-22
22101004,1610612747,Los Angeles,Lakers,LAL,lakers,240:00,628.9,125.8,561.9,112.4,67.0,13.4,0.521,2.78,18.8,0.244,0.667,0.469,9.278,9.3,0.604,0.619,1.0,0.963,19.4,97.0,80.83,97.0,0.53,W,1,2021-22
22100985,1610612747,Los Angeles,Lakers,LAL,lakers,265:00,550.8,110.2,589.0,117.8,-38.1,-7.6,0.532,1.56,15.9,0.259,0.765,0.495,13.559,13.6,0.554,0.578,1.0,0.985,21.37,106.87,89.06,118.0,0.469,L,0,2021-22
22100973,1610612747,Los Angeles,Lakers,LAL,lakers,240:00,534.0,106.8,568.0,113.6,-34.0,-6.8,0.442,1.27,14.0,0.275,0.689,0.469,14.563,14.6,0.516,0.544,1.0,0.991,20.6,103.0,85.83,103.0,0.422,L,0,2021-22
22100959,1610612747,Los Angeles,Lakers,LAL,lakers,240:00,601.9,120.4,552.4,110.5,49.6,9.9,0.568,1.25,17.5,0.326,0.745,0.546,19.417,19.4,0.596,0.631,1.0,0.966,20.8,104.0,86.67,103.0,0.552,W,1,2021-22
22100945,1610612747,Los Angeles,Lakers,LAL,lakers,240:00,572.2,114.4,673.5,134.7,-101.3,-20.3,0.634,1.86,19.5,0.227,0.636,0.432,14.433,14.4,0.56,0.592,1.0,0.991,19.5,97.5,81.25,97.0,0.421,L,0,2021-22
22100931,1610612747,Los Angeles,Lakers,LAL,lakers,240:00,547.4,109.5,561.9,112.4,-14.5,-2.9,0.595,1.83,17.7,0.152,0.739,0.446,12.632,12.6,0.537,0.573,1.0,1.0,19.2,96.0,80.0,95.0,0.475,L,0,2021-22
22100919,1610612747,Los Angeles,Lakers,LAL,lakers,240:00,448.1,89.6,585.7,117.1,-137.6,-27.5,0.429,0.65,11.4,0.22,0.714,0.465,21.698,21.7,0.458,0.512,1.0,0.974,21.1,105.5,87.92,106.0,0.336,L,0,2021-22
22100904,1610612747,Los Angeles,Lakers,LAL,lakers,240:00,505.0,101.0,514.7,102.9,-9.8,-2.0,0.462,1.5,13.5,0.246,0.778,0.48,11.881,11.9,0.462,0.499,1.0,0.991,20.3,101.5,84.58,101.0,0.453,L,0,2021-22
22100884,1610612747,Los Angeles,Lakers,LAL,lakers,240:00,569.9,114.0,537.2,107.4,32.7,6.5,0.585,2.0,18.2,0.3,0.767,0.516,12.903,12.9,0.535,0.554,1.0,0.981,18.7,93.5,77.92,93.0,0.523,W,1,2021-22
22100854,1610612747,Los Angeles,Lakers,LAL,lakers,240:00,575.0,115.0,585.0,117.0,-10.0,-2.0,0.61,2.78,18.1,0.241,0.731,0.481,9.0,9.0,0.528,0.561,1.0,0.973,20.0,100.0,83.33,100.0,0.499,L,0,2021-22
22100829,1610612747,Los Angeles,Lakers,LAL,lakers,240:00,541.2,108.2,551.5,110.3,-10.3,-2.1,0.707,1.38,22.0,0.167,0.75,0.5,21.649,21.6,0.669,0.659,1.0,0.981,19.4,97.0,80.83,97.0,0.491,L,0,2021-22
22100822,1610612747,Los Angeles,Lakers,LAL,lakers,240:00,574.3,114.9,642.2,128.4,-67.9,-13.6,0.636,1.75,19.7,0.277,0.652,0.462,15.842,15.8,0.576,0.591,1.0,0.991,20.3,101.5,84.58,101.0,0.449,L,0,2021-22
22100799,1610612747,Los Angeles,Lakers,LAL,lakers,265:00,554.5,110.9,513.4,102.7,41.2,8.2,0.604,2.23,18.7,0.262,0.688,0.48,11.818,11.8,0.515,0.534,1.0,0.992,20.11,100.53,83.77,110.0,0.558,W,1,2021-22
22100786,1610612747,Los Angeles,Lakers,LAL,lakers,240:00,578.9,115.8,584.2,116.8,-5.3,-1.1,0.463,1.73,14.8,0.278,0.783,0.51,11.579,11.6,0.528,0.556,1.0,0.982,19.0,95.0,79.17,95.0,0.476,L,0,2021-22
22100781,1610612747,Los Angeles,Lakers,LAL,lakers,240:00,505.1,101.0,474.7,94.9,30.4,6.1,0.758,1.47,18.4,0.25,0.672,0.487,17.347,17.3,0.494,0.535,1.0,0.982,19.7,98.5,82.08,98.0,0.594,W,1,2021-22
22100751,1610612747,Los Angeles,Lakers,LAL,lakers,240:00,593.1,118.6,626.2,125.2,-33.1,-6.6,0.617,2.23,20.9,0.191,0.767,0.467,12.745,12.7,0.626,0.623,1.0,0.991,20.5,102.5,85.42,102.0,0.444,L,0,2021-22
22100735,1610612747,Los Angeles,Lakers,LAL,lakers,240:00,587.6,117.5,609.4,121.9,-21.7,-4.3,0.5,2.71,14.4,0.293,0.733,0.485,7.216,7.2,0.5,0.542,1.0,0.973,19.3,96.5,80.42,97.0,0.445,L,0,2021-22
22100733,1610612747,Los Angeles,Lakers,LAL,lakers,240:00,443.9,88.8,525.0,105.0,-81.1,-16.2,0.528,1.0,14.6,0.25,0.786,0.489,19.388,19.4,0.443,0.473,1.0,0.982,19.8,99.0,82.5,98.0,0.386,L,0,2021-22
22100718,1610612747,Los Angeles,Lakers,LAL,lakers,240:00,557.9,111.6,505.3,101.1,52.6,10.5,0.548,2.3,18.3,0.191,0.6,0.412,10.526,10.5,0.539,0.567,1.0,0.981,19.0,95.0,79.17,95.0,0.562,W,1,2021-22
22100700,1610612747,Los Angeles,Lakers,LAL,lakers,240:00,540.4,108.1,576.5,115.3,-36.1,-7.2,0.556,1.11,15.3,0.261,0.791,0.517,18.182,18.2,0.525,0.58,1.0,0.964,19.7,98.5,82.08,99.0,0.449,L,0,2021-22
22100685,1610612747,Los Angeles,Lakers,LAL,lakers,240:00,557.7,111.5,495.3,99.1,62.4,12.5,0.548,1.21,16.9,0.227,0.833,0.543,18.269,18.3,0.571,0.61,1.0,1.0,21.0,105.0,87.5,104.0,0.562,W,1,2021-22
22100680,1610612747,Los Angeles,Lakers,LAL,lakers,240:00,553.2,110.6,596.8,119.4,-43.6,-8.7,0.575,2.09,17.2,0.34,0.667,0.495,11.702,11.7,0.506,0.531,1.0,0.982,18.7,93.5,77.92,94.0,0.444,L,0,2021-22
22100665,1610612747,Los Angeles,Lakers,LAL,lakers,240:00,526.0,105.2,494.8,99.0,31.3,6.3,0.395,1.15,12.1,0.245,0.704,0.477,13.542,13.5,0.506,0.525,1.0,0.972,19.2,96.0,80.0,96.0,0.512,W,1,2021-22
22100649,1610612747,Los Angeles,Lakers,LAL,lakers,240:00,500.0,100.0,700.0,140.0,-200.0,-40.0,0.583,1.91,16.8,0.16,0.75,0.436,11.458,11.5,0.5,0.531,1.0,0.962,19.1,95.5,79.58,96.0,0.345,L,0,2021-22
22100626,1610612747,Los Angeles,Lakers,LAL,lakers,240:00,580.0,116.0,625.0,125.0,-45.0,-9.0,0.595,2.78,17.5,0.333,0.714,0.49,9.0,9.0,0.51,0.534,1.0,1.0,20.0,100.0,83.33,100.0,0.421,L,0,2021-22
22100606,1610612747,Los Angeles,Lakers,LAL,lakers,240:00,595.0,119.0,628.7,125.7,-33.7,-6.7,0.578,2.17,18.3,0.302,0.659,0.464,12.0,12.0,0.536,0.565,1.0,0.991,20.1,100.5,83.75,100.0,0.42,L,0,2021-22
22100589,1610612747,Los Angeles,Lakers,LAL,lakers,240:00,626.2,125.2,556.6,111.3,69.6,13.9,0.74,4.63,24.0,0.192,0.707,0.464,7.477,7.5,0.579,0.613,1.0,0.974,21.3,106.5,88.75,107.0,0.58,W,1,2021-22
22100566,1610612747,Los Angeles,Lakers,LAL,lakers,240:00,616.2,123.2,575.8,115.2,40.4,8.1,0.49,4.8,17.1,0.315,0.738,0.5,5.051,5.1,0.551,0.566,1.0,0.974,19.8,99.0,82.5,99.0,0.51,W,1,2021-22
22100551,1610612747,Los Angeles,Lakers,LAL,lakers,240:00,534.7,106.9,515.0,103.0,19.7,3.9,0.556,1.11,15.6,0.159,0.566,0.381,17.822,17.8,0.567,0.615,1.0,0.944,20.1,100.5,83.75,101.0,0.534,W,1,2021-22
22100538,1610612747,Los Angeles,Lakers,LAL,lakers,240:00,695.0,139.0,530.0,106.0,165.0,33.0,0.574,3.86,20.3,0.15,0.632,0.454,7.0,7.0,0.665,0.708,1.0,0.981,20.0,100.0,83.33,100.0,0.679,W,1,2021-22
22100520,1610612747,Los Angeles,Lakers,LAL,lakers,240:00,515.6,103.1,547.4,109.5,-31.7,-6.3,0.615,1.33,17.9,0.292,0.698,0.505,18.75,18.8,0.541,0.553,1.0,0.973,19.1,95.5,79.58,96.0,0.438,L,0,2021-22
22100511,1610612747,Los Angeles,Lakers,LAL,lakers,240:00,647.1,129.4,608.9,121.8,38.1,7.6,0.563,2.25,18.5,0.375,0.81,0.578,11.765,11.8,0.598,0.63,1.0,0.983,20.3,101.5,84.58,102.0,0.533,W,1,2021-22
22100491,1610612747,Los Angeles,Lakers,LAL,lakers,240:00,563.7,112.7,598.0,119.6,-34.3,-6.9,0.725,2.07,19.0,0.379,0.776,0.561,13.725,13.7,0.469,0.531,1.0,0.976,20.4,102.0,85.0,102.0,0.467,L,0,2021-22
22100487,1610612747,Los Angeles,Lakers,LAL,lakers,240:00,523.8,104.8,657.1,131.4,-133.3,-26.7,0.477,1.5,14.6,0.31,0.765,0.523,13.333,13.3,0.495,0.513,1.0,0.984,21.0,105.0,87.5,105.0,0.364,L,0,2021-22
22100469,1610612747,Los Angeles,Lakers,LAL,lakers,240:00,428.6,85.7,514.3,102.9,-85.7,-17.1,0.412,0.93,10.9,0.161,0.811,0.477,14.286,14.3,0.431,0.463,1.0,0.974,21.0,105.0,87.5,105.0,0.365,L,0,2021-22
22100448,1610612747,Los Angeles,Lakers,LAL,lakers,240:00,544.6,108.9,569.3,113.9,-24.8,-5.0,0.595,1.25,18.1,0.286,0.707,0.53,19.802,19.8,0.585,0.6,1.0,0.982,20.2,101.0,84.17,101.0,0.495,L,0,2021-22
22100436,1610612747,Los Angeles,Lakers,LAL,lakers,240:00,429.9,86.0,514.0,102.8,-84.1,-16.8,0.867,1.44,19.0,0.075,0.705,0.412,16.822,16.8,0.462,0.507,1.0,0.982,21.4,107.0,89.17,107.0,0.404,L,0,2021-22
22100420,1610612747,Los Angeles,Lakers,LAL,lakers,265:00,514.4,102.9,486.0,97.2,28.4,5.7,0.615,1.71,17.8,0.13,0.754,0.461,13.462,13.5,0.517,0.546,1.0,1.0,19.11,95.55,79.62,104.0,0.529,W,1,2021-22
22100403,1610612747,Los Angeles,Lakers,LAL,lakers,240:00,540.8,108.2,484.5,96.9,56.3,11.3,0.585,1.71,18.2,0.222,0.661,0.471,14.286,14.3,0.565,0.579,1.0,0.963,19.5,97.5,81.25,98.0,0.615,W,1,2021-22
22100389,1610612747,Los Angeles,Lakers,LAL,lakers,240:00,591.8,118.4,484.7,96.9,107.1,21.4,0.561,1.44,16.8,0.327,0.672,0.518,16.327,16.3,0.58,0.605,1.0,0.982,19.6,98.0,81.67,98.0,0.606,W,1,2021-22
22100380,1610612747,Los Angeles,Lakers,LAL,lakers,240:00,465.7,93.1,540.0,108.0,-74.3,-14.9,0.722,1.18,19.0,0.205,0.719,0.495,21.569,21.6,0.538,0.556,1.0,0.973,20.2,101.0,84.17,102.0,0.445,L,0,2021-22
22100365,1610612747,Los Angeles,Lakers,LAL,lakers,240:00,590.9,118.2,515.2,103.0,75.8,15.2,0.521,1.56,17.4,0.426,0.804,0.622,16.162,16.2,0.559,0.582,1.0,0.966,19.8,99.0,82.5,99.0,0.562,W,1,2021-22
22100341,1610612747,Los Angeles,Lakers,LAL,lakers,240:00,618.3,123.7,633.0,126.6,-14.7,-2.9,0.622,2.33,20.1,0.367,0.738,0.538,12.903,12.9,0.567,0.579,1.0,0.982,18.7,93.5,77.92,93.0,0.483,L,0,2021-22
22100318,1610612747,Los Angeles,Lakers,LAL,lakers,240:00,603.1,120.6,469.4,93.9,133.7,26.7,0.457,1.4,15.6,0.34,0.776,0.556,15.464,15.5,0.56,0.58,1.0,0.991,19.5,97.5,81.25,97.0,0.597,W,1,2021-22
22100304,1610612747,Los Angeles,Lakers,LAL,lakers,240:00,534.0,106.8,509.6,101.9,24.4,4.9,0.744,2.67,22.5,0.143,0.725,0.44,11.65,11.7,0.552,0.567,1.0,0.991,20.7,103.5,86.25,103.0,0.533,W,1,2021-22
22100291,1610612747,Los Angeles,Lakers,LAL,lakers,315:00,543.7,108.7,568.5,113.7,-24.9,-5.0,0.627,1.68,18.8,0.218,0.643,0.456,15.079,15.1,0.574,0.599,1.0,0.964,19.05,95.24,79.37,126.0,0.511,L,0,2021-22
22100268,1610612747,Los Angeles,Lakers,LAL,lakers,265:00,553.6,110.7,537.0,107.4,16.5,3.3,0.476,1.67,13.9,0.232,0.754,0.512,10.714,10.7,0.521,0.575,1.0,0.952,19.92,99.62,83.02,112.0,0.551,W,1,2021-22
22100264,1610612747,Los Angeles,Lakers,LAL,lakers,240:00,495.0,99.0,530.0,106.0,-35.0,-7.0,0.676,1.92,16.3,0.274,0.809,0.505,11.881,11.9,0.434,0.48,1.0,0.975,20.1,100.5,83.75,101.0,0.454,L,0,2021-22
22100249,1610612747,Los Angeles,Lakers,LAL,lakers,240:00,587.4,117.5,557.7,111.5,29.7,5.9,0.644,2.23,19.7,0.313,0.741,0.539,12.621,12.6,0.543,0.582,1.0,0.992,20.7,103.5,86.25,103.0,0.559,W,1,2021-22
22100232,1610612747,Los Angeles,Lakers,LAL,lakers,240:00,545.5,109.1,650.0,130.0,-104.5,-20.9,0.513,1.67,15.7,0.167,0.551,0.361,12.121,12.1,0.536,0.571,1.0,0.991,19.9,99.5,82.92,99.0,0.38,L,0,2021-22
22100219,1610612747,Los Angeles,Lakers,LAL,lakers,240:00,495.1,99.0,524.0,104.8,-28.9,-5.8,0.6,1.85,17.1,0.228,0.804,0.5,12.621,12.6,0.479,0.504,1.0,0.991,20.7,103.5,86.25,103.0,0.445,L,0,2021-22
22100209,1610612747,Los Angeles,Lakers,LAL,lakers,240:00,490.5,98.1,576.2,115.2,-85.7,-17.1,0.528,1.0,14.2,0.227,0.881,0.547,18.095,18.1,0.494,0.556,1.0,0.965,21.0,105.0,87.5,105.0,0.44,L,0,2021-22
22100192,1610612747,Los Angeles,Lakers,LAL,lakers,240:00,581.6,116.3,546.4,109.3,35.2,7.0,0.651,1.75,20.4,0.256,0.698,0.5,16.327,16.3,0.608,0.63,1.0,0.954,19.5,97.5,81.25,98.0,0.551,W,1,2021-22
22100184,1610612747,Los Angeles,Lakers,LAL,lakers,240:00,432.3,86.5,551.5,110.3,-119.3,-23.9,0.586,0.85,13.3,0.268,0.623,0.44,20.833,20.8,0.409,0.457,1.0,0.982,19.3,96.5,80.42,96.0,0.391,L,0,2021-22
22100170,1610612747,Los Angeles,Lakers,LAL,lakers,265:00,535.7,107.1,522.3,104.5,13.4,2.7,0.565,1.13,17.2,0.26,0.75,0.527,20.536,20.5,0.598,0.606,1.0,0.968,20.29,101.43,84.53,112.0,0.503,W,1,2021-22
22100154,1610612747,Los Angeles,Lakers,LAL,lakers,265:00,557.5,111.5,544.2,108.8,13.3,2.7,0.682,2.0,19.5,0.208,0.733,0.487,13.274,13.3,0.555,0.592,1.0,0.976,20.47,102.34,85.28,113.0,0.555,W,1,2021-22
22100138,1610612747,Los Angeles,Lakers,LAL,lakers,240:00,420.6,84.1,490.7,98.1,-70.1,-14.0,0.645,1.05,14.2,0.25,0.79,0.525,17.757,17.8,0.394,0.447,1.0,1.0,21.4,107.0,89.17,107.0,0.444,L,0,2021-22
22100123,1610612747,Los Angeles,Lakers,LAL,lakers,240:00,520.0,104.0,535.0,107.0,-15.0,-3.0,0.564,1.57,15.7,0.316,0.704,0.505,14.0,14.0,0.479,0.512,1.0,0.975,20.0,100.0,83.33,100.0,0.479,L,0,2021-22
22100107,1610612747,Los Angeles,Lakers,LAL,lakers,240:00,556.1,111.2,541.7,108.3,14.4,2.9,0.531,1.53,17.7,0.326,0.708,0.521,15.888,15.9,0.559,0.584,1.0,0.983,21.5,107.5,89.58,107.0,0.548,W,1,2021-22
22100093,1610612747,Los Angeles,Lakers,LAL,lakers,240:00,461.2,92.2,416.7,83.3,44.5,8.9,0.564,1.57,15.8,0.23,0.706,0.446,13.592,13.6,0.453,0.467,1.0,0.957,20.5,102.5,85.42,103.0,0.569,W,1,2021-22
22100077,1610612747,Los Angeles,Lakers,LAL,lakers,240:00,601.1,120.2,543.0,108.6,58.1,11.6,0.522,1.09,17.6,0.462,0.615,0.549,23.404,23.4,0.619,0.639,1.0,0.955,18.7,93.5,77.92,94.0,0.559,W,1,2021-22
22100061,1610612747,Los Angeles,Lakers,LAL,lakers,240:00,552.9,110.6,585.7,117.1,-32.8,-6.6,0.63,1.71,20.0,0.25,0.739,0.489,16.346,16.3,0.56,0.586,1.0,0.991,20.9,104.5,87.08,104.0,0.482,L,0,2021-22
22100053,1610612747,Los Angeles,Lakers,LAL,lakers,265:00,525.2,105.0,521.6,104.3,3.7,0.7,0.4,1.54,13.2,0.232,0.731,0.504,10.924,10.9,0.514,0.545,1.0,0.977,21.28,106.42,88.68,119.0,0.512,W,1,2021-22
22100040,1610612747,Los Angeles,Lakers,LAL,lakers,240:00,593.1,118.6,584.2,116.8,9.0,1.8,0.644,1.71,20.6,0.262,0.561,0.434,16.667,16.7,0.631,0.646,1.0,0.991,20.3,101.5,84.58,102.0,0.539,W,1,2021-22
22100025,1610612747,Los Angeles,Lakers,LAL,lakers,240:00,525.0,105.0,563.7,112.7,-38.7,-7.7,0.735,1.56,17.9,0.268,0.783,0.5,16.0,16.0,0.483,0.532,1.0,1.0,20.2,101.0,84.17,100.0,0.406,L,0,2021-22
22100002,1610612747,Los Angeles,Lakers,LAL,lakers,240:00,508.9,101.8,535.4,107.1,-26.5,-5.3,0.467,1.17,14.7,0.189,0.759,0.477,16.071,16.1,0.553,0.551,1.0,0.984,22.5,112.5,93.75,112.0,0.422,L,0,2021-22
