GAME_ID,GAME_DATE,TEAM_ID,TEAM_ABBREVIATION,MATCHUP,WL,SEASON
0022201230,2023-04-09,1610612744,GSW,GSW @ POR,W,2022-23
0022201219,2023-04-09,1610612748,MIA,MIA vs. ORL,W,2022-23
0022201222,2023-04-09,1610612764,WAS,WAS vs. HOU,L,2022-23
0022201221,2023-04-09,1610612749,MIL,MIL @ TOR,L,2022-23
0022201228,2023-04-09,1610612762,UTA,UTA @ LAL,L,2022-23
0022201229,2023-04-09,1610612746,LAC,LAC @ PHX,W,2022-23
0022201220,2023-04-09,1610612754,IND,IND @ NYK,W,2022-23
0022201216,2023-04-09,1610612737,ATL,ATL @ BOS,L,2022-23
0022201224,2023-04-09,1610612759,SAS,SAS @ DAL,W,2022-23
0022201227,2023-04-09,1610612743,DEN,DEN vs. SAC,W,2022-23
0022201218,2023-04-09,1610612766,CHA,CHA @ CLE,W,2022-23
0022201223,2023-04-09,1610612741,CHI,CHI vs. DET,W,2022-23
0022201226,2023-04-09,1610612763,MEM,MEM @ OKC,L,2022-23
0022201217,2023-04-09,1610612755,PHI,PHI @ BKN,W,2022-23
0022201225,2023-04-09,1610612750,MIN,MIN vs. NOP,W,2022-23
0022201213,2023-04-08,1610612762,UTA,UTA vs. DEN,W,2022-23
0022201215,2023-04-08,1610612757,POR,POR @ LAC,L,2022-23
0022201214,2023-04-08,1610612759,SAS,SAS vs. MIN,L,2022-23
0022201209,2023-04-07,1610612752,NYK,NYK @ NOP,L,2022-23
0022201202,2023-04-07,1610612766,CHA,CHA vs. HOU,L,2022-23
0022201212,2023-04-07,1610612756,PHX,PHX @ LAL,L,2022-23
0022201211,2023-04-07,1610612758,SAC,SAC vs. GSW,L,2022-23
0022201206,2023-04-07,1610612761,TOR,TOR @ BOS,L,2022-23
0022201204,2023-04-07,1610612764,WAS,WAS vs. MIA,W,2022-23
0022201207,2023-04-07,1610612753,ORL,ORL @ BKN,L,2022-23
0022201203,2023-04-07,1610612765,DET,DET @ IND,W,2022-23
0022201208,2023-04-07,1610612749,MIL,MIL vs. MEM,L,2022-23
0022201205,2023-04-07,1610612755,PHI,PHI @ ATL,W,2022-23
0022201210,2023-04-07,1610612742,DAL,DAL vs. CHI,L,2022-23
0022201198,2023-04-06,1610612755,PHI,PHI vs. MIA,L,2022-23
0022201199,2023-04-06,1610612757,POR,POR @ SAS,L,2022-23
0022201201,2023-04-06,1610612756,PHX,PHX vs. DEN,W,2022-23
0022201200,2023-04-06,1610612760,OKC,OKC @ UTA,W,2022-23
0022201197,2023-04-06,1610612753,ORL,ORL vs. CLE,L,2022-23
0022201189,2023-04-05,1610612765,DET,DET vs. BKN,L,2022-23
0022201195,2023-04-05,1610612758,SAC,SAC @ DAL,L,2022-23
0022201196,2023-04-05,1610612747,LAL,LAL @ LAC,L,2022-23
0022201193,2023-04-05,1610612749,MIL,MIL vs. CHI,W,2022-23
0022201190,2023-04-05,1610612754,IND,IND vs. NYK,L,2022-23
0022201192,2023-04-05,1610612738,BOS,BOS vs. TOR,W,2022-23
0022201191,2023-04-05,1610612737,ATL,ATL vs. WAS,W,2022-23
0022201194,2023-04-05,1610612763,MEM,MEM @ NOP,L,2022-23
0022201179,2023-04-04,1610612764,WAS,WAS vs. MIL,L,2022-23
0022201176,2023-04-04,1610612761,TOR,TOR @ CHA,W,2022-23
0022201184,2023-04-04,1610612757,POR,POR @ MEM,L,2022-23
0022201187,2023-04-04,1610612744,GSW,GSW vs. OKC,W,2022-23
0022201178,2023-04-04,1610612753,ORL,ORL vs. CLE,L,2022-23
0022201186,2023-04-04,1610612747,LAL,LAL @ UTA,W,2022-23
0022201183,2023-04-04,1610612745,HOU,HOU vs. DEN,W,2022-23
0022201180,2023-04-04,1610612750,MIN,MIN @ BKN,W,2022-23
0022201177,2023-04-04,1610612748,MIA,MIA @ DET,W,2022-23
0022201181,2023-04-04,1610612755,PHI,PHI vs. BOS,W,2022-23
0022201188,2023-04-04,1610612759,SAS,SAS @ PHX,L,2022-23
0022201182,2023-04-04,1610612737,ATL,ATL @ CHI,W,2022-23
0022201185,2023-04-04,1610612740,NOP,NOP vs. SAC,L,2022-23
0022201164,2023-04-02,1610612751,BKN,BKN vs. UTA,W,2022-23
0022201168,2023-04-02,1610612764,WAS,WAS @ NYK,L,2022-23
0022201174,2023-04-02,1610612755,PHI,PHI @ MIL,L,2022-23
0022201171,2023-04-02,1610612747,LAL,LAL @ HOU,W,2022-23
0022201167,2023-04-02,1610612737,ATL,ATL vs. DAL,W,2022-23
0022201173,2023-04-02,1610612754,IND,IND @ CLE,L,2022-23
0022201170,2023-04-02,1610612758,SAC,SAC vs. SAS,L,2022-23
0022201163,2023-04-02,1610612766,CHA,CHA vs. TOR,L,2022-23
0022201166,2023-04-02,1610612757,POR,POR @ MIN,W,2022-23
0022201165,2023-04-02,1610612763,MEM,MEM @ CHI,L,2022-23
0022201175,2023-04-02,1610612744,GSW,GSW @ DEN,L,2022-23
0022201172,2023-04-02,1610612756,PHX,PHX @ OKC,W,2022-23
0022201169,2023-04-02,1610612753,ORL,ORL vs. DET,W,2022-23
0022201162,2023-04-01,1610612740,NOP,NOP vs. LAC,W,2022-23
0022201161,2023-04-01,1610612742,DAL,DAL @ MIA,L,2022-23
0022201151,2023-03-31,1610612753,ORL,ORL @ WAS,W,2022-23
0022201153,2023-03-31,1610612751,BKN,BKN vs. ATL,W,2022-23
0022201154,2023-03-31,1610612752,NYK,NYK @ CLE,W,2022-23
0022201148,2023-03-31,1610612741,CHI,CHI @ CHA,W,2022-23
0022201158,2023-03-31,1610612744,GSW,GSW vs. SAS,W,2022-23
0022201149,2023-03-31,1610612760,OKC,OKC @ IND,L,2022-23
0022201156,2023-03-31,1610612746,LAC,LAC @ MEM,L,2022-23
0022201152,2023-03-31,1610612762,UTA,UTA @ BOS,L,2022-23
0022201157,2023-03-31,1610612750,MIN,MIN vs. LAL,L,2022-23
0022201150,2023-03-31,1610612761,TOR,TOR @ PHI,L,2022-23
0022201155,2023-03-31,1610612765,DET,DET @ HOU,L,2022-23
0022201159,2023-03-31,1610612758,SAC,SAC @ POR,W,2022-23
0022201160,2023-03-31,1610612756,PHX,PHX vs. DEN,W,2022-23
0022201147,2023-03-30,1610612740,NOP,NOP @ DEN,W,2022-23
0022201146,2023-03-30,1610612749,MIL,MIL vs. BOS,L,2022-23
0022201138,2023-03-29,1610612748,MIA,MIA @ NYK,L,2022-23
0022201145,2023-03-29,1610612758,SAC,SAC @ POR,W,2022-23
0022201144,2023-03-29,1610612750,MIN,MIN @ PHX,L,2022-23
0022201140,2023-03-29,1610612741,CHI,CHI vs. LAL,L,2022-23
0022201143,2023-03-29,1610612759,SAS,SAS vs. UTA,L,2022-23
0022201136,2023-03-29,1610612754,IND,IND vs. MIL,L,2022-23
0022201139,2023-03-29,1610612755,PHI,PHI vs. DAL,W,2022-23
0022201137,2023-03-29,1610612751,BKN,BKN vs. HOU,W,2022-23
0022201142,2023-03-29,1610612760,OKC,OKC vs. DET,W,2022-23
0022201141,2023-03-29,1610612763,MEM,MEM vs. LAC,L,2022-23
0022201135,2023-03-28,1610612740,NOP,NOP @ GSW,L,2022-23
0022201131,2023-03-28,1610612739,CLE,CLE @ ATL,L,2022-23
0022201133,2023-03-28,1610612763,MEM,MEM vs. ORL,W,2022-23
0022201134,2023-03-28,1610612766,CHA,CHA @ OKC,W,2022-23
0022201130,2023-03-28,1610612738,BOS,BOS @ WAS,L,2022-23
0022201132,2023-03-28,1610612748,MIA,MIA @ TOR,L,2022-23
0022201128,2023-03-27,1610612758,SAC,SAC vs. MIN,L,2022-23
0022201129,2023-03-27,1610612746,LAC,LAC vs. CHI,W,2022-23
0022201123,2023-03-27,1610612742,DAL,DAL @ IND,W,2022-23
0022201127,2023-03-27,1610612740,NOP,NOP @ POR,W,2022-23
0022201126,2023-03-27,1610612755,PHI,PHI @ DEN,L,2022-23
0022201125,2023-03-27,1610612762,UTA,UTA vs. PHX,L,2022-23
0022201122,2023-03-27,1610612765,DET,DET vs. MIL,L,2022-23
0022201124,2023-03-27,1610612752,NYK,NYK vs. HOU,W,2022-23
0022201117,2023-03-26,1610612739,CLE,CLE vs. HOU,W,2022-23
0022201119,2023-03-26,1610612761,TOR,TOR vs. WAS,W,2022-23
0022201121,2023-03-26,1610612744,GSW,GSW vs. MIN,L,2022-23
0022201115,2023-03-26,1610612763,MEM,MEM @ ATL,W,2022-23
0022201120,2023-03-26,1610612757,POR,POR vs. OKC,L,2022-23
0022201116,2023-03-26,1610612759,SAS,SAS @ BOS,L,2022-23
0022201118,2023-03-26,1610612753,ORL,ORL vs. BKN,W,2022-23
0022201113,2023-03-26,1610612766,CHA,CHA vs. DAL,W,2022-23
0022201114,2023-03-26,1610612741,CHI,CHI @ LAL,W,2022-23
0022201111,2023-03-25,1610612758,SAC,SAC vs. UTA,W,2022-23
0022201108,2023-03-25,1610612751,BKN,BKN @ MIA,W,2022-23
0022201109,2023-03-25,1610612749,MIL,MIL @ DEN,L,2022-23
0022201110,2023-03-25,1610612756,PHX,PHX vs. PHI,W,2022-23
0022201107,2023-03-25,1610612754,IND,IND @ ATL,L,2022-23
0022201112,2023-03-25,1610612740,NOP,NOP @ LAC,W,2022-23
0022201098,2023-03-24,1610612759,SAS,SAS @ WAS,L,2022-23
0022201101,2023-03-24,1610612766,CHA,CHA @ DAL,W,2022-23
0022201102,2023-03-24,1610612762,UTA,UTA vs. MIL,L,2022-23
0022201106,2023-03-24,1610612747,LAL,LAL vs. OKC,W,2022-23
0022201097,2023-03-24,1610612754,IND,IND @ BOS,L,2022-23
0022201105,2023-03-24,1610612758,SAC,SAC vs. PHX,W,2022-23
0022201099,2023-03-24,1610612765,DET,DET @ TOR,L,2022-23
0022201103,2023-03-24,1610612755,PHI,PHI @ GSW,L,2022-23
0022201100,2023-03-24,1610612763,MEM,MEM vs. HOU,W,2022-23
0022201104,2023-03-24,1610612741,CHI,CHI @ POR,W,2022-23
0022201094,2023-03-23,1610612751,BKN,BKN vs. CLE,L,2022-23
0022201093,2023-03-23,1610612753,ORL,ORL vs. NYK,W,2022-23
0022201095,2023-03-23,1610612740,NOP,NOP vs. CHA,W,2022-23
0022201096,2023-03-23,1610612760,OKC,OKC @ LAC,L,2022-23
0022201090,2023-03-22,1610612737,ATL,ATL @ MIN,L,2022-23
0022201084,2023-03-22,1610612752,NYK,NYK @ MIA,L,2022-23
0022201092,2023-03-22,1610612756,PHX,PHX @ LAL,L,2022-23
0022201085,2023-03-22,1610612754,IND,IND @ TOR,W,2022-23
0022201091,2023-03-22,1610612757,POR,POR @ UTA,W,2022-23
0022201083,2023-03-22,1610612743,DEN,DEN @ WAS,W,2022-23
0022201088,2023-03-22,1610612763,MEM,MEM vs. HOU,W,2022-23
0022201086,2023-03-22,1610612744,GSW,GSW @ DAL,W,2022-23
0022201089,2023-03-22,1610612749,MIL,MIL vs. SAS,W,2022-23
0022201087,2023-03-22,1610612741,CHI,CHI vs. PHI,L,2022-23
0022201081,2023-03-21,1610612738,BOS,BOS @ SAC,W,2022-23
0022201077,2023-03-21,1610612764,WAS,WAS @ ORL,L,2022-23
0022201078,2023-03-21,1610612765,DET,DET @ ATL,L,2022-23
0022201079,2023-03-21,1610612739,CLE,CLE @ BKN,W,2022-23
0022201082,2023-03-21,1610612760,OKC,OKC @ LAC,W,2022-23
0022201080,2023-03-21,1610612740,NOP,NOP vs. SAS,W,2022-23
0022201076,2023-03-20,1610612762,UTA,UTA vs. SAC,W,2022-23
0022201074,2023-03-20,1610612744,GSW,GSW @ HOU,W,2022-23
0022201075,2023-03-20,1610612742,DAL,DAL @ MEM,L,2022-23
0022201072,2023-03-20,1610612755,PHI,PHI vs. CHI,L,2022-23
0022201073,2023-03-20,1610612750,MIN,MIN @ NYK,W,2022-23
0022201071,2023-03-20,1610612766,CHA,CHA vs. IND,W,2022-23
0022201064,2023-03-19,1610612756,PHX,PHX @ OKC,L,2022-23
0022201068,2023-03-19,1610612761,TOR,TOR @ MIL,L,2022-23
0022201063,2023-03-19,1610612743,DEN,DEN @ BKN,W,2022-23
0022201066,2023-03-19,1610612748,MIA,MIA @ DET,W,2022-23
0022201065,2023-03-19,1610612737,ATL,ATL @ SAS,L,2022-23
0022201067,2023-03-19,1610612745,HOU,HOU vs. NOP,L,2022-23
0022201069,2023-03-19,1610612746,LAC,LAC @ POR,W,2022-23
0022201070,2023-03-19,1610612753,ORL,ORL @ LAL,L,2022-23
0022201056,2023-03-18,1610612746,LAC,LAC vs. ORL,L,2022-23
0022201060,2023-03-18,1610612741,CHI,CHI vs. MIA,W,2022-23
0022201062,2023-03-18,1610612762,UTA,UTA vs. BOS,W,2022-23
0022201055,2023-03-18,1610612752,NYK,NYK vs. DEN,W,2022-23
0022201059,2023-03-18,1610612764,WAS,WAS vs. SAC,L,2022-23
0022201057,2023-03-18,1610612755,PHI,PHI @ IND,W,2022-23
0022201061,2023-03-18,1610612763,MEM,MEM vs. GSW,W,2022-23
0022201058,2023-03-18,1610612750,MIN,MIN @ TOR,L,2022-23
0022201054,2023-03-17,1610612747,LAL,LAL vs. DAL,L,2022-23
0022201053,2023-03-17,1610612738,BOS,BOS @ POR,W,2022-23
0022201050,2023-03-17,1610612750,MIN,MIN @ CHI,L,2022-23
0022201049,2023-03-17,1610612739,CLE,CLE vs. WAS,W,2022-23
0022201052,2023-03-17,1610612759,SAS,SAS vs. MEM,L,2022-23
0022201048,2023-03-17,1610612744,GSW,GSW @ ATL,L,2022-23
0022201047,2023-03-17,1610612766,CHA,CHA vs. PHI,L,2022-23
0022201051,2023-03-17,1610612745,HOU,HOU vs. NOP,W,2022-23
0022201044,2023-03-16,1610612761,TOR,TOR vs. OKC,W,2022-23
0022201043,2023-03-16,1610612751,BKN,BKN vs. SAC,L,2022-23
0022201042,2023-03-16,1610612765,DET,DET vs. DEN,L,2022-23
0022201045,2023-03-16,1610612754,IND,IND @ MIL,W,2022-23
0022201046,2023-03-16,1610612756,PHX,PHX vs. ORL,W,2022-23
0022201039,2023-03-15,1610612738,BOS,BOS @ MIN,W,2022-23
0022201038,2023-03-15,1610612745,HOU,HOU vs. LAL,W,2022-23
0022201035,2023-03-15,1610612739,CLE,CLE vs. PHI,L,2022-23
0022201041,2023-03-15,1610612746,LAC,LAC vs. GSW,W,2022-23
0022201040,2023-03-15,1610612759,SAS,SAS vs. DAL,L,2022-23
0022201036,2023-03-15,1610612763,MEM,MEM @ MIA,L,2022-23
0022201037,2023-03-15,1610612758,SAC,SAC @ CHI,W,2022-23
0022201031,2023-03-14,1610612760,OKC,OKC vs. BKN,W,2022-23
0022201034,2023-03-14,1610612752,NYK,NYK @ POR,W,2022-23
0022201028,2023-03-14,1610612765,DET,DET @ WAS,L,2022-23
0022201030,2023-03-14,1610612747,LAL,LAL @ NOP,W,2022-23
0022201027,2023-03-14,1610612766,CHA,CHA vs. CLE,L,2022-23
0022201033,2023-03-14,1610612756,PHX,PHX vs. MIL,L,2022-23
0022201029,2023-03-14,1610612743,DEN,DEN @ TOR,L,2022-23
0022201032,2023-03-14,1610612753,ORL,ORL @ SAS,L,2022-23
0022201024,2023-03-13,1610612738,BOS,BOS @ HOU,L,2022-23
0022201023,2023-03-13,1610612763,MEM,MEM @ DAL,W,2022-23
0022201026,2023-03-13,1610612749,MIL,MIL @ SAC,W,2022-23
0022201020,2023-03-13,1610612754,IND,IND @ DET,L,2022-23
0022201025,2023-03-13,1610612756,PHX,PHX @ GSW,L,2022-23
0022201022,2023-03-13,1610612748,MIA,MIA vs. UTA,W,2022-23
0022201021,2023-03-13,1610612750,MIN,MIN @ ATL,W,2022-23
0022201014,2023-03-12,1610612751,BKN,BKN @ DEN,W,2022-23
0022201015,2023-03-12,1610612739,CLE,CLE @ CHA,W,2022-23
0022201018,2023-03-12,1610612759,SAS,SAS vs. OKC,L,2022-23
0022201017,2023-03-12,1610612740,NOP,NOP vs. POR,W,2022-23
0022201016,2023-03-12,1610612764,WAS,WAS @ PHI,L,2022-23
0022201019,2023-03-12,1610612752,NYK,NYK @ LAL,W,2022-23
0022201006,2023-03-11,1610612754,IND,IND @ DET,W,2022-23
0022201011,2023-03-11,1610612760,OKC,OKC @ NOP,W,2022-23
0022201005,2023-03-11,1610612766,CHA,CHA vs. UTA,L,2022-23
0022201009,2023-03-11,1610612741,CHI,CHI @ HOU,W,2022-23
0022201010,2023-03-11,1610612742,DAL,DAL @ MEM,L,2022-23
0022201004,2023-03-11,1610612752,NYK,NYK @ LAC,L,2022-23
0022201013,2023-03-11,1610612756,PHX,PHX vs. SAC,L,2022-23
0022201012,2023-03-11,1610612749,MIL,MIL @ GSW,L,2022-23
0022201008,2023-03-11,1610612738,BOS,BOS @ ATL,W,2022-23
0022201007,2023-03-11,1610612748,MIA,MIA @ ORL,L,2022-23
0022200999,2023-03-10,1610612737,ATL,ATL @ WAS,W,2022-23
0022201000,2023-03-10,1610612748,MIA,MIA vs. CLE,W,2022-23
0022201002,2023-03-10,1610612743,DEN,DEN @ SAS,L,2022-23
0022201001,2023-03-10,1610612750,MIN,MIN vs. BKN,L,2022-23
0022201003,2023-03-10,1610612761,TOR,TOR @ LAL,L,2022-23
0022200998,2023-03-10,1610612755,PHI,PHI vs. POR,W,2022-23
0022200994,2023-03-09,1610612762,UTA,UTA @ ORL,W,2022-23
0022200992,2023-03-09,1610612765,DET,DET vs. CHA,L,2022-23
0022200997,2023-03-09,1610612752,NYK,NYK @ SAC,L,2022-23
0022200993,2023-03-09,1610612745,HOU,HOU @ IND,L,2022-23
0022200996,2023-03-09,1610612744,GSW,GSW @ MEM,L,2022-23
0022200995,2023-03-09,1610612751,BKN,BKN @ MIL,L,2022-23
0022200988,2023-03-08,1610612742,DAL,DAL @ NOP,L,2022-23
0022200990,2023-03-08,1610612756,PHX,PHX vs. OKC,W,2022-23
0022200989,2023-03-08,1610612743,DEN,DEN vs. CHI,L,2022-23
0022200986,2023-03-08,1610612757,POR,POR @ BOS,L,2022-23
0022200987,2023-03-08,1610612748,MIA,MIA vs. CLE,L,2022-23
0022200991,2023-03-08,1610612746,LAC,LAC vs. TOR,W,2022-23
0022200985,2023-03-08,1610612737,ATL,ATL @ WAS,W,2022-23
0022200769,2023-03-07,1610612764,WAS,WAS @ DET,W,2022-23
0022200981,2023-03-07,1610612745,HOU,HOU vs. BKN,L,2022-23
0022200979,2023-03-07,1610612766,CHA,CHA @ NYK,W,2022-23
0022200978,2023-03-07,1610612749,MIL,MIL @ ORL,W,2022-23
0022200984,2023-03-07,1610612747,LAL,LAL vs. MEM,W,2022-23
0022200983,2023-03-07,1610612742,DAL,DAL vs. UTA,W,2022-23
0022200980,2023-03-07,1610612750,MIN,MIN vs. PHI,L,2022-23
0022200982,2023-03-07,1610612760,OKC,OKC vs. GSW,W,2022-23
0022200971,2023-03-06,1610612738,BOS,BOS @ CLE,L,2022-23
0022200976,2023-03-06,1610612758,SAC,SAC vs. NOP,W,2022-23
0022200972,2023-03-06,1610612754,IND,IND vs. PHI,L,2022-23
0022200975,2023-03-06,1610612743,DEN,DEN vs. TOR,W,2022-23
0022200977,2023-03-06,1610612765,DET,DET vs. POR,L,2022-23
0022200974,2023-03-06,1610612748,MIA,MIA vs. ATL,W,2022-23
0022200968,2023-03-05,1610612760,OKC,OKC vs. UTA,W,2022-23
0022200973,2023-03-05,1610612749,MIL,MIL @ WAS,W,2022-23
0022200963,2023-03-05,1610612754,IND,IND @ CHI,W,2022-23
0022200962,2023-03-05,1610612756,PHX,PHX @ DAL,W,2022-23
0022200969,2023-03-05,1610612738,BOS,BOS vs. NYK,L,2022-23
0022200964,2023-03-05,1610612744,GSW,GSW @ LAL,L,2022-23
0022200966,2023-03-05,1610612753,ORL,ORL vs. POR,L,2022-23
0022200970,2023-03-05,1610612763,MEM,MEM @ LAC,L,2022-23
0022200965,2023-03-05,1610612751,BKN,BKN vs. CHA,W,2022-23
0022200967,2023-03-05,1610612759,SAS,SAS @ HOU,L,2022-23
0022200961,2023-03-04,1610612758,SAC,SAC vs. MIN,L,2022-23
0022200957,2023-03-04,1610612739,CLE,CLE vs. DET,W,2022-23
0022200956,2023-03-04,1610612761,TOR,TOR @ WAS,W,2022-23
0022200958,2023-03-04,1610612748,MIA,MIA vs. ATL,W,2022-23
0022200960,2023-03-04,1610612755,PHI,PHI @ MIL,W,2022-23
0022200959,2023-03-04,1610612759,SAS,SAS vs. HOU,L,2022-23
0022200951,2023-03-03,1610612762,UTA,UTA @ OKC,L,2022-23
0022200949,2023-03-03,1610612752,NYK,NYK @ MIA,W,2022-23
0022200954,2023-03-03,1610612746,LAC,LAC @ SAC,L,2022-23
0022200955,2023-03-03,1610612747,LAL,LAL vs. MIN,L,2022-23
0022200946,2023-03-03,1610612753,ORL,ORL @ CHA,W,2022-23
0022200952,2023-03-03,1610612763,MEM,MEM @ DEN,L,2022-23
0022200953,2023-03-03,1610612740,NOP,NOP @ GSW,L,2022-23
0022200950,2023-03-03,1610612756,PHX,PHX @ CHI,W,2022-23
0022200948,2023-03-03,1610612738,BOS,BOS vs. BKN,L,2022-23
0022200947,2023-03-03,1610612757,POR,POR @ ATL,L,2022-23
0022200944,2023-03-02,1610612759,SAS,SAS vs. IND,W,2022-23
0022200945,2023-03-02,1610612744,GSW,GSW vs. LAC,W,2022-23
0022200942,2023-03-02,1610612764,WAS,WAS vs. TOR,W,2022-23
0022200943,2023-03-02,1610612742,DAL,DAL vs. PHI,W,2022-23
0022200941,2023-03-01,1610612740,NOP,NOP @ POR,W,2022-23
0022200935,2023-03-01,1610612739,CLE,CLE @ BOS,L,2022-23
0022200937,2023-03-01,1610612751,BKN,BKN @ NYK,L,2022-23
0022200939,2023-03-01,1610612753,ORL,ORL @ MIL,L,2022-23
0022200934,2023-03-01,1610612741,CHI,CHI @ DET,W,2022-23
0022200936,2023-03-01,1610612755,PHI,PHI @ MIA,W,2022-23
0022200933,2023-03-01,1610612756,PHX,PHX @ CHA,W,2022-23
0022200940,2023-03-01,1610612747,LAL,LAL @ OKC,W,2022-23
0022200938,2023-03-01,1610612745,HOU,HOU vs. MEM,L,2022-23
0022200931,2023-02-28,1610612757,POR,POR @ GSW,L,2022-23
0022200928,2023-02-28,1610612758,SAC,SAC @ OKC,W,2022-23
0022200932,2023-02-28,1610612750,MIN,MIN @ LAC,W,2022-23
0022200929,2023-02-28,1610612742,DAL,DAL vs. IND,L,2022-23
0022200923,2023-02-28,1610612737,ATL,ATL vs. WAS,L,2022-23
0022200926,2023-02-28,1610612743,DEN,DEN @ HOU,W,2022-23
0022200927,2023-02-28,1610612747,LAL,LAL @ MEM,L,2022-23
0022200930,2023-02-28,1610612762,UTA,UTA vs. SAS,L,2022-23
0022200924,2023-02-28,1610612751,BKN,BKN vs. MIL,L,2022-23
0022200925,2023-02-28,1610612741,CHI,CHI @ TOR,L,2022-23
0022200920,2023-02-27,1610612755,PHI,PHI vs. MIA,L,2022-23
0022200919,2023-02-27,1610612766,CHA,CHA vs. DET,W,2022-23
0022200922,2023-02-27,1610612740,NOP,NOP vs. ORL,L,2022-23
0022200921,2023-02-27,1610612752,NYK,NYK vs. BOS,W,2022-23
0022200913,2023-02-26,1610612742,DAL,DAL vs. LAL,L,2022-23
0022200914,2023-02-26,1610612761,TOR,TOR @ CLE,L,2022-23
0022200918,2023-02-26,1610612743,DEN,DEN vs. LAC,W,2022-23
0022200910,2023-02-26,1610612756,PHX,PHX @ MIL,L,2022-23
0022200915,2023-02-26,1610612758,SAC,SAC @ OKC,W,2022-23
0022200916,2023-02-26,1610612750,MIN,MIN @ GSW,L,2022-23
0022200912,2023-02-26,1610612741,CHI,CHI vs. WAS,W,2022-23
0022200917,2023-02-26,1610612745,HOU,HOU @ POR,L,2022-23
0022200911,2023-02-26,1610612751,BKN,BKN @ ATL,L,2022-23
0022200908,2023-02-25,1610612738,BOS,BOS @ PHI,W,2022-23
0022200907,2023-02-25,1610612743,DEN,DEN @ MEM,L,2022-23
0022200906,2023-02-25,1610612740,NOP,NOP @ NYK,L,2022-23
0022200905,2023-02-25,1610612753,ORL,ORL vs. IND,L,2022-23
0022200909,2023-02-25,1610612762,UTA,UTA vs. SAS,W,2022-23
0022200904,2023-02-25,1610612766,CHA,CHA vs. MIA,W,2022-23
0022200903,2023-02-25,1610612761,TOR,TOR @ DET,W,2022-23
0022200900,2023-02-24,1610612751,BKN,BKN @ CHI,L,2022-23
0022200899,2023-02-24,1610612760,OKC,OKC @ PHX,L,2022-23
0022200895,2023-02-24,1610612764,WAS,WAS vs. NYK,L,2022-23
0022200902,2023-02-24,1610612758,SAC,SAC @ LAC,W,2022-23
0022200897,2023-02-24,1610612748,MIA,MIA @ MIL,L,2022-23
0022200898,2023-02-24,1610612766,CHA,CHA @ MIN,W,2022-23
0022200901,2023-02-24,1610612744,GSW,GSW vs. HOU,W,2022-23
0022200896,2023-02-24,1610612739,CLE,CLE @ ATL,L,2022-23
0022200888,2023-02-23,1610612765,DET,DET @ ORL,L,2022-23
0022200894,2023-02-23,1610612758,SAC,SAC vs. POR,W,2022-23
0022200886,2023-02-23,1610612743,DEN,DEN @ CLE,W,2022-23
0022200887,2023-02-23,1610612754,IND,IND vs. BOS,L,2022-23
0022200893,2023-02-23,1610612744,GSW,GSW @ LAL,L,2022-23
0022200891,2023-02-23,1610612759,SAS,SAS @ DAL,L,2022-23
0022200890,2023-02-23,1610612761,TOR,TOR vs. NOP,W,2022-23
0022200889,2023-02-23,1610612755,PHI,PHI vs. MEM,W,2022-23
0022200892,2023-02-23,1610612760,OKC,OKC @ UTA,L,2022-23
0022200885,2023-02-16,1610612756,PHX,PHX vs. LAC,L,2022-23
0022200884,2023-02-16,1610612764,WAS,WAS @ MIN,W,2022-23
0022200883,2023-02-16,1610612749,MIL,MIL @ CHI,W,2022-23
0022200875,2023-02-15,1610612739,CLE,CLE @ PHI,L,2022-23
0022200876,2023-02-15,1610612737,ATL,ATL vs. NYK,L,2022-23
0022200882,2023-02-15,1610612740,NOP,NOP @ LAL,L,2022-23
0022200879,2023-02-15,1610612763,MEM,MEM vs. UTA,W,2022-23
0022200873,2023-02-15,1610612759,SAS,SAS @ CHA,L,2022-23
0022200877,2023-02-15,1610612738,BOS,BOS vs. DET,W,2022-23
0022200880,2023-02-15,1610612745,HOU,HOU @ OKC,L,2022-23
0022200881,2023-02-15,1610612743,DEN,DEN vs. DAL,W,2022-23
0022200878,2023-02-15,1610612748,MIA,MIA @ BKN,L,2022-23
0022200874,2023-02-15,1610612741,CHI,CHI @ IND,L,2022-23
0022200870,2023-02-14,1610612756,PHX,PHX vs. SAC,W,2022-23
0022200868,2023-02-14,1610612753,ORL,ORL @ TOR,L,2022-23
0022200869,2023-02-14,1610612738,BOS,BOS @ MIL,L,2022-23
0022200872,2023-02-14,1610612764,WAS,WAS @ POR,W,2022-23
0022200871,2023-02-14,1610612744,GSW,GSW @ LAC,L,2022-23
0022200863,2023-02-13,1610612741,CHI,CHI vs. ORL,L,2022-23
0022200859,2023-02-13,1610612762,UTA,UTA @ IND,W,2022-23
0022200864,2023-02-13,1610612760,OKC,OKC vs. NOP,L,2022-23
0022200858,2023-02-13,1610612739,CLE,CLE vs. SAS,W,2022-23
0022200867,2023-02-13,1610612747,LAL,LAL @ POR,L,2022-23
0022200866,2023-02-13,1610612764,WAS,WAS @ GSW,L,2022-23
0022200865,2023-02-13,1610612742,DAL,DAL vs. MIN,L,2022-23
0022200860,2023-02-13,1610612745,HOU,HOU @ PHI,L,2022-23
0022200862,2023-02-13,1610612752,NYK,NYK vs. BKN,W,2022-23
0022200861,2023-02-13,1610612743,DEN,DEN @ MIA,W,2022-23
0022200857,2023-02-13,1610612737,ATL,ATL @ CHA,L,2022-23
0022200855,2023-02-12,1610612738,BOS,BOS vs. MEM,W,2022-23
0022200856,2023-02-12,1610612761,TOR,TOR vs. DET,W,2022-23
0022200848,2023-02-11,1610612753,ORL,ORL vs. MIA,L,2022-23
0022200851,2023-02-11,1610612762,UTA,UTA @ NYK,L,2022-23
0022200854,2023-02-11,1610612742,DAL,DAL @ SAC,L,2022-23
0022200847,2023-02-11,1610612766,CHA,CHA vs. DEN,L,2022-23
0022200850,2023-02-11,1610612759,SAS,SAS @ ATL,L,2022-23
0022200846,2023-02-11,1610612755,PHI,PHI @ BKN,W,2022-23
0022200852,2023-02-11,1610612739,CLE,CLE vs. CHI,W,2022-23
0022200853,2023-02-11,1610612747,LAL,LAL @ GSW,W,2022-23
0022200849,2023-02-11,1610612764,WAS,WAS vs. IND,W,2022-23
0022200845,2023-02-10,1610612749,MIL,MIL @ LAC,W,2022-23
0022200839,2023-02-10,1610612761,TOR,TOR vs. UTA,L,2022-23
0022200841,2023-02-10,1610612750,MIN,MIN @ MEM,L,2022-23
0022200837,2023-02-10,1610612755,PHI,PHI vs. NYK,W,2022-23
0022200843,2023-02-10,1610612760,OKC,OKC @ POR,W,2022-23
0022200844,2023-02-10,1610612758,SAC,SAC vs. DAL,L,2022-23
0022200838,2023-02-10,1610612738,BOS,BOS vs. CHA,W,2022-23
0022200842,2023-02-10,1610612739,CLE,CLE @ NOP,W,2022-23
0022200840,2023-02-10,1610612745,HOU,HOU @ MIA,L,2022-23
0022200836,2023-02-10,1610612754,IND,IND vs. PHX,L,2022-23
0022200835,2023-02-10,1610612765,DET,DET vs. SAS,W,2022-23
0022200831,2023-02-09,1610612743,DEN,DEN @ ORL,L,2022-23
0022200834,2023-02-09,1610612747,LAL,LAL vs. MIL,L,2022-23
0022200833,2023-02-09,1610612741,CHI,CHI @ BKN,L,2022-23
0022200832,2023-02-09,1610612756,PHX,PHX @ ATL,L,2022-23
0022200828,2023-02-08,1610612762,UTA,UTA vs. MIN,L,2022-23
0022200824,2023-02-08,1610612738,BOS,BOS vs. PHI,W,2022-23
0022200826,2023-02-08,1610612759,SAS,SAS @ TOR,L,2022-23
0022200825,2023-02-08,1610612754,IND,IND @ MIA,L,2022-23
0022200822,2023-02-08,1610612739,CLE,CLE vs. DET,W,2022-23
0022200823,2023-02-08,1610612764,WAS,WAS vs. CHA,W,2022-23
0022200827,2023-02-08,1610612745,HOU,HOU vs. SAC,L,2022-23
0022200829,2023-02-08,1610612742,DAL,DAL @ LAC,W,2022-23
0022200830,2023-02-08,1610612757,POR,POR vs. GSW,W,2022-23
0022200818,2023-02-07,1610612737,ATL,ATL @ NOP,L,2022-23
0022200817,2023-02-07,1610612751,BKN,BKN vs. PHX,L,2022-23
0022200820,2023-02-07,1610612743,DEN,DEN vs. MIN,W,2022-23
0022200821,2023-02-07,1610612760,OKC,OKC @ LAL,W,2022-23
0022200819,2023-02-07,1610612741,CHI,CHI @ MEM,L,2022-23
0022200816,2023-02-07,1610612752,NYK,NYK @ ORL,W,2022-23
0022200812,2023-02-06,1610612758,SAC,SAC @ HOU,W,2022-23
0022200808,2023-02-06,1610612738,BOS,BOS @ DET,W,2022-23
0022200815,2023-02-06,1610612749,MIL,MIL @ POR,W,2022-23
0022200813,2023-02-06,1610612742,DAL,DAL @ UTA,W,2022-23
0022200809,2023-02-06,1610612764,WAS,WAS vs. CLE,L,2022-23
0022200810,2023-02-06,1610612746,LAC,LAC @ BKN,W,2022-23
0022200811,2023-02-06,1610612741,CHI,CHI vs. SAS,W,2022-23
0022200814,2023-02-06,1610612744,GSW,GSW vs. OKC,W,2022-23
0022200802,2023-02-05,1610612766,CHA,CHA vs. ORL,L,2022-23
0022200805,2023-02-05,1610612763,MEM,MEM vs. TOR,L,2022-23
0022200803,2023-02-05,1610612739,CLE,CLE @ IND,W,2022-23
0022200806,2023-02-05,1610612743,DEN,DEN @ MIN,L,2022-23
0022200804,2023-02-05,1610612755,PHI,PHI @ NYK,L,2022-23
0022200807,2023-02-05,1610612758,SAC,SAC @ NOP,L,2022-23
0022200794,2023-02-04,1610612756,PHX,PHX @ DET,W,2022-23
0022200799,2023-02-04,1610612745,HOU,HOU @ OKC,L,2022-23
0022200795,2023-02-04,1610612746,LAC,LAC @ NYK,W,2022-23
0022200798,2023-02-04,1610612740,NOP,NOP vs. LAL,W,2022-23
0022200801,2023-02-04,1610612743,DEN,DEN vs. ATL,W,2022-23
0022200800,2023-02-04,1610612744,GSW,GSW vs. DAL,W,2022-23
0022200797,2023-02-04,1610612749,MIL,MIL vs. MIA,W,2022-23
0022200796,2023-02-04,1610612757,POR,POR @ CHI,L,2022-23
0022200793,2023-02-04,1610612764,WAS,WAS @ BKN,L,2022-23
0022200788,2023-02-03,1610612756,PHX,PHX @ BOS,W,2022-23
0022200790,2023-02-03,1610612753,ORL,ORL @ MIN,W,2022-23
0022200791,2023-02-03,1610612759,SAS,SAS vs. PHI,L,2022-23
0022200787,2023-02-03,1610612757,POR,POR @ WAS,W,2022-23
0022200792,2023-02-03,1610612762,UTA,UTA vs. ATL,L,2022-23
0022200789,2023-02-03,1610612745,HOU,HOU vs. TOR,L,2022-23
0022200785,2023-02-03,1610612766,CHA,CHA @ DET,L,2022-23
0022200786,2023-02-03,1610612754,IND,IND vs. SAC,W,2022-23
0022200779,2023-02-02,1610612739,CLE,CLE vs. MEM,W,2022-23
0022200780,2023-02-02,1610612748,MIA,MIA @ NYK,L,2022-23
0022200784,2023-02-02,1610612749,MIL,MIL vs. LAC,W,2022-23
0022200782,2023-02-02,1610612742,DAL,DAL vs. NOP,W,2022-23
0022200778,2023-02-02,1610612754,IND,IND vs. LAL,L,2022-23
0022200783,2023-02-02,1610612743,DEN,DEN vs. GSW,W,2022-23
0022200781,2023-02-02,1610612741,CHI,CHI vs. CHA,W,2022-23
0022200771,2023-02-01,1610612763,MEM,MEM vs. POR,L,2022-23
0022200770,2023-02-01,1610612755,PHI,PHI vs. ORL,W,2022-23
0022200777,2023-02-01,1610612737,ATL,ATL @ PHX,W,2022-23
0022200774,2023-02-01,1610612744,GSW,GSW @ MIN,L,2022-23
0022200773,2023-02-01,1610612745,HOU,HOU vs. OKC,W,2022-23
0022200776,2023-02-01,1610612762,UTA,UTA vs. TOR,W,2022-23
0022200772,2023-02-01,1610612751,BKN,BKN @ BOS,L,2022-23
0022200775,2023-02-01,1610612759,SAS,SAS vs. SAC,L,2022-23
0022200768,2023-01-31,1610612740,NOP,NOP @ DEN,L,2022-23
0022200765,2023-01-31,1610612752,NYK,NYK vs. LAL,L,2022-23
0022200767,2023-01-31,1610612749,MIL,MIL vs. CHA,W,2022-23
0022200766,2023-01-31,1610612746,LAC,LAC @ CHI,W,2022-23
0022200764,2023-01-31,1610612739,CLE,CLE vs. MIA,L,2022-23
0022200758,2023-01-30,1610612750,MIN,MIN vs. SAC,L,2022-23
0022200762,2023-01-30,1610612756,PHX,PHX vs. TOR,W,2022-23
0022200761,2023-01-30,1610612742,DAL,DAL vs. DET,W,2022-23
0022200756,2023-01-30,1610612753,ORL,ORL @ PHI,W,2022-23
0022200760,2023-01-30,1610612764,WAS,WAS @ SAS,W,2022-23
0022200763,2023-01-30,1610612757,POR,POR vs. ATL,W,2022-23
0022200757,2023-01-30,1610612747,LAL,LAL @ BKN,L,2022-23
0022200759,2023-01-30,1610612760,OKC,OKC vs. GSW,L,2022-23
0022200754,2023-01-29,1610612746,LAC,LAC @ CLE,L,2022-23
0022200755,2023-01-29,1610612740,NOP,NOP @ MIL,L,2022-23
0022200753,2023-01-29,1610612763,MEM,MEM vs. IND,W,2022-23
0022200752,2023-01-29,1610612748,MIA,MIA @ CHA,L,2022-23
0022200748,2023-01-28,1610612759,SAS,SAS vs. PHX,L,2022-23
0022200743,2023-01-28,1610612765,DET,DET vs. HOU,L,2022-23
0022200744,2023-01-28,1610612741,CHI,CHI @ ORL,W,2022-23
0022200742,2023-01-28,1610612751,BKN,BKN vs. NYK,W,2022-23
0022200747,2023-01-28,1610612740,NOP,NOP vs. WAS,L,2022-23
0022200751,2023-01-28,1610612761,TOR,TOR @ POR,W,2022-23
0022200746,2023-01-28,1610612750,MIN,MIN vs. SAC,W,2022-23
0022200741,2023-01-28,1610612743,DEN,DEN @ PHI,L,2022-23
0022200750,2023-01-28,1610612742,DAL,DAL @ UTA,L,2022-23
0022200749,2023-01-28,1610612747,LAL,LAL @ BOS,L,2022-23
0022200745,2023-01-28,1610612737,ATL,ATL vs. LAC,L,2022-23
0022200736,2023-01-27,1610612754,IND,IND vs. MIL,L,2022-23
0022200740,2023-01-27,1610612761,TOR,TOR @ GSW,L,2022-23
0022200739,2023-01-27,1610612760,OKC,OKC vs. CLE,W,2022-23
0022200738,2023-01-27,1610612753,ORL,ORL @ MIA,L,2022-23
0022200737,2023-01-27,1610612763,MEM,MEM @ MIN,L,2022-23
0022200734,2023-01-26,1610612742,DAL,DAL @ PHX,W,2022-23
0022200735,2023-01-26,1610612746,LAC,LAC vs. SAS,W,2022-23
0022200733,2023-01-26,1610612745,HOU,HOU vs. CLE,L,2022-23
0022200731,2023-01-26,1610612765,DET,DET @ BKN,W,2022-23
0022200730,2023-01-26,1610612752,NYK,NYK @ BOS,W,2022-23
0022200732,2023-01-26,1610612741,CHI,CHI @ CHA,L,2022-23
0022200720,2023-01-25,1610612753,ORL,ORL vs. IND,W,2022-23
0022200721,2023-01-25,1610612751,BKN,BKN @ PHI,L,2022-23
0022200725,2023-01-25,1610612760,OKC,OKC vs. ATL,L,2022-23
0022200728,2023-01-25,1610612758,SAC,SAC vs. TOR,L,2022-23
0022200722,2023-01-25,1610612745,HOU,HOU vs. WAS,L,2022-23
0022200724,2023-01-25,1610612740,NOP,NOP vs. MIN,L,2022-23
0022200726,2023-01-25,1610612763,MEM,MEM @ GSW,L,2022-23
0022200727,2023-01-25,1610612762,UTA,UTA @ POR,L,2022-23
0022200729,2023-01-25,1610612747,LAL,LAL vs. SAS,W,2022-23
0022200723,2023-01-25,1610612743,DEN,DEN @ MIL,L,2022-23
0022200713,2023-01-24,1610612741,CHI,CHI @ IND,L,2022-23
0022200717,2023-01-24,1610612742,DAL,DAL vs. WAS,L,2022-23
0022200714,2023-01-24,1610612738,BOS,BOS @ MIA,L,2022-23
0022200715,2023-01-24,1610612752,NYK,NYK vs. CLE,W,2022-23
0022200716,2023-01-24,1610612743,DEN,DEN @ NOP,W,2022-23
0022200719,2023-01-24,1610612747,LAL,LAL vs. LAC,L,2022-23
0022200718,2023-01-24,1610612756,PHX,PHX vs. CHA,W,2022-23
0022200706,2023-01-23,1610612749,MIL,MIL @ DET,W,2022-23
0022200710,2023-01-23,1610612762,UTA,UTA vs. CHA,W,2022-23
0022200707,2023-01-23,1610612753,ORL,ORL vs. BOS,W,2022-23
0022200712,2023-01-23,1610612763,MEM,MEM @ SAC,L,2022-23
0022200711,2023-01-23,1610612757,POR,POR vs. SAS,W,2022-23
0022200709,2023-01-23,1610612750,MIN,MIN @ HOU,L,2022-23
0022200708,2023-01-23,1610612737,ATL,ATL @ CHI,L,2022-23
0022200702,2023-01-22,1610612760,OKC,OKC @ DEN,W,2022-23
0022200699,2023-01-22,1610612740,NOP,NOP @ MIA,L,2022-23
0022200700,2023-01-22,1610612752,NYK,NYK @ TOR,L,2022-23
0022200703,2023-01-22,1610612763,MEM,MEM @ PHX,L,2022-23
0022200705,2023-01-22,1610612757,POR,POR vs. LAL,L,2022-23
0022200701,2023-01-22,1610612742,DAL,DAL vs. LAC,L,2022-23
0022200704,2023-01-22,1610612751,BKN,BKN @ GSW,W,2022-23
0022200697,2023-01-21,1610612756,PHX,PHX vs. IND,W,2022-23
0022200694,2023-01-21,1610612737,ATL,ATL vs. CHA,L,2022-23
0022200695,2023-01-21,1610612749,MIL,MIL @ CLE,L,2022-23
0022200693,2023-01-21,1610612764,WAS,WAS vs. ORL,W,2022-23
0022200698,2023-01-21,1610612758,SAC,SAC vs. PHI,L,2022-23
0022200692,2023-01-21,1610612738,BOS,BOS @ TOR,W,2022-23
0022200696,2023-01-21,1610612745,HOU,HOU @ MIN,L,2022-23
0022200688,2023-01-20,1610612743,DEN,DEN vs. IND,W,2022-23
0022200683,2023-01-20,1610612753,ORL,ORL vs. NOP,W,2022-23
0022200689,2023-01-20,1610612762,UTA,UTA vs. BKN,L,2022-23
0022200691,2023-01-20,1610612758,SAC,SAC vs. OKC,W,2022-23
0022200685,2023-01-20,1610612744,GSW,GSW @ CLE,W,2022-23
0022200687,2023-01-20,1610612759,SAS,SAS vs. LAC,L,2022-23
0022200686,2023-01-20,1610612742,DAL,DAL vs. MIA,W,2022-23
0022200684,2023-01-20,1610612737,ATL,ATL vs. NYK,W,2022-23
0022200690,2023-01-20,1610612763,MEM,MEM @ LAL,L,2022-23
0022200679,2023-01-19,1610612744,GSW,GSW @ BOS,L,2022-23
0022200682,2023-01-19,1610612757,POR,POR vs. PHI,L,2022-23
0022200678,2023-01-19,1610612765,DET,DET vs. CHI,L,2022-23
0022200681,2023-01-19,1610612756,PHX,PHX vs. BKN,W,2022-23
0022200680,2023-01-19,1610612761,TOR,TOR @ MIN,L,2022-23
0022200670,2023-01-18,1610612742,DAL,DAL vs. ATL,L,2022-23
0022200673,2023-01-18,1610612740,NOP,NOP vs. MIA,L,2022-23
0022200671,2023-01-18,1610612745,HOU,HOU vs. CHA,L,2022-23
0022200672,2023-01-18,1610612763,MEM,MEM vs. CLE,W,2022-23
0022200669,2023-01-18,1610612764,WAS,WAS @ NYK,W,2022-23
0022200677,2023-01-18,1610612758,SAC,SAC @ LAL,W,2022-23
0022200676,2023-01-18,1610612750,MIN,MIN @ DEN,L,2022-23
0022200674,2023-01-18,1610612754,IND,IND @ OKC,L,2022-23
0022200675,2023-01-18,1610612762,UTA,UTA vs. LAC,W,2022-23
0022200667,2023-01-17,1610612757,POR,POR @ DEN,L,2022-23
0022200666,2023-01-17,1610612751,BKN,BKN @ SAS,L,2022-23
0022200665,2023-01-17,1610612749,MIL,MIL vs. TOR,W,2022-23
0022200668,2023-01-17,1610612746,LAC,LAC vs. PHI,L,2022-23
0022200664,2023-01-16,1610612745,HOU,HOU @ LAL,L,2022-23
0022200657,2023-01-16,1610612754,IND,IND @ MIL,L,2022-23
0022200663,2023-01-16,1610612763,MEM,MEM vs. PHX,W,2022-23
0022200656,2023-01-16,1610612766,CHA,CHA vs. BOS,L,2022-23
0022200661,2023-01-16,1610612748,MIA,MIA @ ATL,L,2022-23
0022200658,2023-01-16,1610612740,NOP,NOP @ CLE,L,2022-23
0022200660,2023-01-16,1610612744,GSW,GSW @ WAS,W,2022-23
0022200659,2023-01-16,1610612761,TOR,TOR @ NYK,W,2022-23
0022200662,2023-01-16,1610612762,UTA,UTA @ MIN,W,2022-23
0022200654,2023-01-15,1610612742,DAL,DAL @ POR,L,2022-23
0022200649,2023-01-15,1610612746,LAC,LAC vs. HOU,W,2022-23
0022200653,2023-01-15,1610612753,ORL,ORL @ DEN,L,2022-23
0022200650,2023-01-15,1610612741,CHI,CHI vs. GSW,W,2022-23
0022200655,2023-01-15,1610612755,PHI,PHI @ LAL,W,2022-23
0022200652,2023-01-15,1610612758,SAC,SAC @ SAS,W,2022-23
0022200648,2023-01-15,1610612765,DET,DET vs. NYK,L,2022-23
0022200651,2023-01-15,1610612760,OKC,OKC @ BKN,W,2022-23
0022200643,2023-01-14,1610612754,IND,IND vs. MEM,L,2022-23
0022200642,2023-01-14,1610612738,BOS,BOS @ CHA,W,2022-23
0022200647,2023-01-14,1610612742,DAL,DAL @ POR,L,2022-23
0022200645,2023-01-14,1610612750,MIN,MIN vs. CLE,W,2022-23
0022200641,2023-01-14,1610612748,MIA,MIA vs. MIL,W,2022-23
0022200646,2023-01-14,1610612762,UTA,UTA vs. PHI,L,2022-23
0022200644,2023-01-14,1610612761,TOR,TOR vs. ATL,L,2022-23
0022200640,2023-01-13,1610612758,SAC,SAC vs. HOU,W,2022-23
0022200639,2023-01-13,1610612743,DEN,DEN @ LAC,W,2022-23
0022200638,2023-01-13,1610612762,UTA,UTA vs. ORL,W,2022-23
0022200636,2023-01-13,1610612741,CHI,CHI vs. OKC,L,2022-23
0022200632,2023-01-13,1610612765,DET,DET vs. NOP,L,2022-23
0022200634,2023-01-13,1610612752,NYK,NYK @ WAS,W,2022-23
0022200633,2023-01-13,1610612737,ATL,ATL @ IND,W,2022-23
0022200635,2023-01-13,1610612744,GSW,GSW @ SAS,W,2022-23
0022200637,2023-01-13,1610612756,PHX,PHX @ MIN,L,2022-23
0022200628,2023-01-12,1610612748,MIA,MIA vs. MIL,W,2022-23
0022200630,2023-01-12,1610612747,LAL,LAL vs. DAL,L,2022-23
0022200631,2023-01-12,1610612757,POR,POR vs. CLE,L,2022-23
0022200629,2023-01-12,1610612766,CHA,CHA @ TOR,L,2022-23
0022200626,2023-01-12,1610612755,PHI,PHI vs. OKC,L,2022-23
0022200627,2023-01-12,1610612738,BOS,BOS @ BKN,W,2022-23
0022200623,2023-01-11,1610612763,MEM,MEM vs. SAS,W,2022-23
0022200619,2023-01-11,1610612764,WAS,WAS vs. CHI,W,2022-23
0022200618,2023-01-11,1610612750,MIN,MIN @ DET,L,2022-23
0022200620,2023-01-11,1610612749,MIL,MIL @ ATL,W,2022-23
0022200624,2023-01-11,1610612756,PHX,PHX @ DEN,L,2022-23
0022200621,2023-01-11,1610612740,NOP,NOP @ BOS,L,2022-23
0022200625,2023-01-11,1610612745,HOU,HOU @ SAC,L,2022-23
0022200622,2023-01-11,1610612752,NYK,NYK vs. IND,W,2022-23
0022200616,2023-01-10,1610612753,ORL,ORL @ POR,W,2022-23
0022200617,2023-01-10,1610612742,DAL,DAL @ LAC,L,2022-23
0022200613,2023-01-10,1610612766,CHA,CHA @ TOR,L,2022-23
0022200611,2023-01-10,1610612748,MIA,MIA vs. OKC,W,2022-23
0022200612,2023-01-10,1610612755,PHI,PHI vs. DET,W,2022-23
0022200615,2023-01-10,1610612756,PHX,PHX @ GSW,W,2022-23
0022200614,2023-01-10,1610612762,UTA,UTA vs. CLE,W,2022-23
0022200606,2023-01-09,1610612741,CHI,CHI @ BOS,L,2022-23
0022200610,2023-01-09,1610612753,ORL,ORL @ SAC,L,2022-23
0022200605,2023-01-09,1610612740,NOP,NOP @ WAS,W,2022-23
0022200609,2023-01-09,1610612743,DEN,DEN vs. LAL,W,2022-23
0022200607,2023-01-09,1610612752,NYK,NYK vs. MIL,L,2022-23
0022200608,2023-01-09,1610612763,MEM,MEM vs. SAS,W,2022-23
0022200598,2023-01-08,1610612754,IND,IND vs. CHA,W,2022-23
0022200601,2023-01-08,1610612750,MIN,MIN @ HOU,W,2022-23
0022200604,2023-01-08,1610612746,LAC,LAC vs. ATL,L,2022-23
0022200596,2023-01-08,1610612765,DET,DET vs. PHI,L,2022-23
0022200602,2023-01-08,1610612760,OKC,OKC vs. DAL,W,2022-23
0022200599,2023-01-08,1610612748,MIA,MIA vs. BKN,L,2022-23
0022200600,2023-01-08,1610612763,MEM,MEM vs. UTA,W,2022-23
0022200597,2023-01-08,1610612757,POR,POR @ TOR,L,2022-23
0022200603,2023-01-08,1610612739,CLE,CLE @ PHX,W,2022-23
0022200592,2023-01-07,1610612741,CHI,CHI vs. UTA,W,2022-23
0022200595,2023-01-07,1610612758,SAC,SAC vs. LAL,L,2022-23
0022200594,2023-01-07,1610612753,ORL,ORL @ GSW,W,2022-23
0022200591,2023-01-07,1610612759,SAS,SAS vs. BOS,L,2022-23
0022200593,2023-01-07,1610612740,NOP,NOP @ DAL,L,2022-23
0022200582,2023-01-06,1610612761,TOR,TOR vs. NYK,L,2022-23
0022200586,2023-01-06,1610612740,NOP,NOP vs. BKN,L,2022-23
0022200590,2023-01-06,1610612737,ATL,ATL @ LAL,L,2022-23
0022200583,2023-01-06,1610612766,CHA,CHA @ MIL,W,2022-23
0022200589,2023-01-06,1610612748,MIA,MIA @ PHX,W,2022-23
0022200587,2023-01-06,1610612746,LAC,LAC @ MIN,L,2022-23
0022200588,2023-01-06,1610612739,CLE,CLE @ DEN,L,2022-23
0022200584,2023-01-06,1610612764,WAS,WAS @ OKC,L,2022-23
0022200581,2023-01-06,1610612741,CHI,CHI @ PHI,W,2022-23
0022200585,2023-01-06,1610612765,DET,DET @ SAS,L,2022-23
0022200580,2023-01-06,1610612757,POR,POR @ IND,L,2022-23
0022200577,2023-01-05,1610612738,BOS,BOS @ DAL,W,2022-23
0022200579,2023-01-05,1610612746,LAC,LAC @ DEN,L,2022-23
0022200576,2023-01-05,1610612763,MEM,MEM @ ORL,W,2022-23
0022200578,2023-01-05,1610612745,HOU,HOU vs. UTA,L,2022-23
0022200572,2023-01-04,1610612745,HOU,HOU @ NOP,L,2022-23
0022200567,2023-01-04,1610612754,IND,IND @ PHI,L,2022-23
0022200566,2023-01-04,1610612753,ORL,ORL vs. OKC,W,2022-23
0022200570,2023-01-04,1610612751,BKN,BKN @ CHI,L,2022-23
0022200569,2023-01-04,1610612749,MIL,MIL @ TOR,W,2022-23
0022200568,2023-01-04,1610612752,NYK,NYK vs. SAS,W,2022-23
0022200564,2023-01-04,1610612763,MEM,MEM @ CHA,W,2022-23
0022200571,2023-01-04,1610612750,MIN,MIN vs. POR,W,2022-23
0022200565,2023-01-04,1610612739,CLE,CLE vs. PHX,W,2022-23
0022200574,2023-01-04,1610612747,LAL,LAL vs. MIA,W,2022-23
0022200575,2023-01-04,1610612737,ATL,ATL @ SAC,W,2022-23
0022200573,2023-01-04,1610612744,GSW,GSW vs. DET,L,2022-23
0022200561,2023-01-03,1610612749,MIL,MIL vs. WAS,W,2022-23
0022200562,2023-01-03,1610612760,OKC,OKC vs. BOS,W,2022-23
0022200563,2023-01-03,1610612762,UTA,UTA vs. SAC,L,2022-23
0022200554,2023-01-02,1610612755,PHI,PHI vs. NOP,W,2022-23
0022200558,2023-01-02,1610612744,GSW,GSW vs. ATL,W,2022-23
0022200557,2023-01-02,1610612750,MIN,MIN vs. DEN,W,2022-23
0022200555,2023-01-02,1610612759,SAS,SAS @ BKN,L,2022-23
0022200550,2023-01-02,1610612752,NYK,NYK vs. PHX,W,2022-23
0022200551,2023-01-02,1610612766,CHA,CHA vs. LAL,L,2022-23
0022200552,2023-01-02,1610612739,CLE,CLE vs. CHI,W,2022-23
0022200560,2023-01-02,1610612748,MIA,MIA @ LAC,W,2022-23
0022200553,2023-01-02,1610612761,TOR,TOR @ IND,L,2022-23
0022200559,2023-01-02,1610612757,POR,POR vs. DET,W,2022-23
0022200556,2023-01-02,1610612742,DAL,DAL @ HOU,W,2022-23
0022200549,2023-01-01,1610612743,DEN,DEN vs. BOS,W,2022-23
0022200548,2023-01-01,1610612749,MIL,MIL vs. WAS,L,2022-23
0022200547,2023-01-01,1610612758,SAC,SAC @ MEM,L,2022-23
0022200544,2022-12-31,1610612765,DET,DET @ MIN,W,2022-23
0022200538,2022-12-31,1610612754,IND,IND vs. LAC,W,2022-23
0022200545,2022-12-31,1610612760,OKC,OKC vs. PHI,L,2022-23
0022200542,2022-12-31,1610612742,DAL,DAL @ SAS,W,2022-23
0022200543,2022-12-31,1610612740,NOP,NOP @ MEM,L,2022-23
0022200540,2022-12-31,1610612739,CLE,CLE @ CHI,W,2022-23
0022200541,2022-12-31,1610612752,NYK,NYK @ HOU,W,2022-23
0022200546,2022-12-31,1610612748,MIA,MIA @ UTA,W,2022-23
0022200539,2022-12-31,1610612751,BKN,BKN @ CHA,W,2022-23
0022200529,2022-12-30,1610612764,WAS,WAS @ ORL,W,2022-23
0022200535,2022-12-30,1610612743,DEN,DEN vs. MIA,W,2022-23
0022200533,2022-12-30,1610612750,MIN,MIN @ MIL,L,2022-23
0022200530,2022-12-30,1610612747,LAL,LAL @ ATL,W,2022-23
0022200536,2022-12-30,1610612744,GSW,GSW vs. POR,W,2022-23
0022200531,2022-12-30,1610612761,TOR,TOR vs. PHX,W,2022-23
0022200537,2022-12-30,1610612758,SAC,SAC vs. UTA,W,2022-23
0022200532,2022-12-30,1610612741,CHI,CHI vs. DET,W,2022-23
0022200534,2022-12-30,1610612755,PHI,PHI @ NOP,L,2022-23
0022200527,2022-12-29,1610612759,SAS,SAS vs. NYK,W,2022-23
0022200525,2022-12-29,1610612738,BOS,BOS vs. LAC,W,2022-23
0022200524,2022-12-29,1610612754,IND,IND vs. CLE,W,2022-23
0022200523,2022-12-29,1610612766,CHA,CHA vs. OKC,W,2022-23
0022200526,2022-12-29,1610612761,TOR,TOR vs. MEM,L,2022-23
0022200528,2022-12-29,1610612745,HOU,HOU @ DAL,L,2022-23
0022200516,2022-12-28,1610612764,WAS,WAS vs. PHX,W,2022-23
0022200519,2022-12-28,1610612741,CHI,CHI vs. MIL,W,2022-23
0022200522,2022-12-28,1610612743,DEN,DEN @ SAC,L,2022-23
0022200521,2022-12-28,1610612744,GSW,GSW vs. UTA,W,2022-23
0022200517,2022-12-28,1610612751,BKN,BKN @ ATL,W,2022-23
0022200520,2022-12-28,1610612750,MIN,MIN @ NOP,L,2022-23
0022200518,2022-12-28,1610612748,MIA,MIA vs. LAL,W,2022-23
0022200515,2022-12-28,1610612753,ORL,ORL @ DET,L,2022-23
0022200510,2022-12-27,1610612756,PHX,PHX @ MEM,W,2022-23
0022200507,2022-12-27,1610612745,HOU,HOU @ BOS,L,2022-23
0022200506,2022-12-27,1610612755,PHI,PHI @ WAS,L,2022-23
0022200509,2022-12-27,1610612746,LAC,LAC @ TOR,W,2022-23
0022200512,2022-12-27,1610612742,DAL,DAL vs. NYK,W,2022-23
0022200505,2022-12-27,1610612747,LAL,LAL @ ORL,W,2022-23
0022200513,2022-12-27,1610612766,CHA,CHA @ GSW,L,2022-23
0022200508,2022-12-27,1610612737,ATL,ATL @ IND,L,2022-23
0022200511,2022-12-27,1610612759,SAS,SAS @ OKC,L,2022-23
0022200514,2022-12-27,1610612758,SAC,SAC vs. DEN,L,2022-23
0022200501,2022-12-26,1610612741,CHI,CHI vs. HOU,L,2022-23
0022200502,2022-12-26,1610612754,IND,IND @ NOP,L,2022-23
0022200503,2022-12-26,1610612762,UTA,UTA @ SAS,L,2022-23
0022200504,2022-12-26,1610612766,CHA,CHA @ POR,L,2022-23
0022200499,2022-12-26,1610612746,LAC,LAC @ DET,W,2022-23
0022200498,2022-12-26,1610612751,BKN,BKN @ CLE,W,2022-23
0022200500,2022-12-26,1610612750,MIN,MIN @ MIA,L,2022-23
0022200495,2022-12-25,1610612738,BOS,BOS vs. MIL,W,2022-23
0022200497,2022-12-25,1610612756,PHX,PHX @ DEN,L,2022-23
0022200493,2022-12-25,1610612752,NYK,NYK vs. PHI,L,2022-23
0022200494,2022-12-25,1610612742,DAL,DAL vs. LAL,W,2022-23
0022200496,2022-12-25,1610612744,GSW,GSW vs. MEM,W,2022-23
0022200484,2022-12-23,1610612739,CLE,CLE vs. TOR,L,2022-23
0022200479,2022-12-23,1610612759,SAS,SAS @ ORL,L,2022-23
0022200489,2022-12-23,1610612743,DEN,DEN vs. POR,W,2022-23
0022200487,2022-12-23,1610612745,HOU,HOU vs. DAL,L,2022-23
0022200482,2022-12-23,1610612738,BOS,BOS vs. MIN,W,2022-23
0022200490,2022-12-23,1610612763,MEM,MEM @ PHX,W,2022-23
0022200480,2022-12-23,1610612746,LAC,LAC @ PHI,L,2022-23
0022200485,2022-12-23,1610612752,NYK,NYK vs. CHI,L,2022-23
0022200483,2022-12-23,1610612749,MIL,MIL @ BKN,L,2022-23
0022200491,2022-12-23,1610612764,WAS,WAS @ SAC,W,2022-23
0022200486,2022-12-23,1610612754,IND,IND @ MIA,W,2022-23
0022200492,2022-12-23,1610612747,LAL,LAL vs. CHA,L,2022-23
0022200481,2022-12-23,1610612737,ATL,ATL vs. DET,W,2022-23
0022200488,2022-12-23,1610612740,NOP,NOP @ OKC,W,2022-23
0022200477,2022-12-22,1610612759,SAS,SAS @ NOP,L,2022-23
0022200478,2022-12-22,1610612762,UTA,UTA vs. WAS,W,2022-23
0022200475,2022-12-21,1610612747,LAL,LAL @ SAC,L,2022-23
0022200474,2022-12-21,1610612757,POR,POR @ OKC,L,2022-23
0022200472,2022-12-21,1610612753,ORL,ORL @ HOU,W,2022-23
0022200476,2022-12-21,1610612766,CHA,CHA @ LAC,L,2022-23
0022200466,2022-12-21,1610612739,CLE,CLE vs. MIL,W,2022-23
0022200467,2022-12-21,1610612755,PHI,PHI vs. DET,W,2022-23
0022200469,2022-12-21,1610612738,BOS,BOS vs. IND,L,2022-23
0022200470,2022-12-21,1610612744,GSW,GSW @ BKN,L,2022-23
0022200468,2022-12-21,1610612741,CHI,CHI @ ATL,W,2022-23
0022200471,2022-12-21,1610612761,TOR,TOR @ NYK,W,2022-23
0022200473,2022-12-21,1610612742,DAL,DAL @ MIN,W,2022-23
0022200463,2022-12-20,1610612744,GSW,GSW @ NYK,L,2022-23
0022200465,2022-12-20,1610612763,MEM,MEM @ DEN,L,2022-23
0022200462,2022-12-20,1610612741,CHI,CHI @ MIA,W,2022-23
0022200461,2022-12-20,1610612765,DET,DET vs. UTA,L,2022-23
0022200464,2022-12-20,1610612764,WAS,WAS @ PHX,W,2022-23
0022200452,2022-12-19,1610612739,CLE,CLE vs. UTA,W,2022-23
0022200457,2022-12-19,1610612749,MIL,MIL @ NOP,W,2022-23
0022200454,2022-12-19,1610612753,ORL,ORL @ ATL,L,2022-23
0022200459,2022-12-19,1610612756,PHX,PHX vs. LAL,W,2022-23
0022200460,2022-12-19,1610612766,CHA,CHA @ SAC,W,2022-23
0022200453,2022-12-19,1610612761,TOR,TOR @ PHI,L,2022-23
0022200455,2022-12-19,1610612759,SAS,SAS @ HOU,W,2022-23
0022200456,2022-12-19,1610612750,MIN,MIN vs. DAL,W,2022-23
0022200458,2022-12-19,1610612757,POR,POR @ OKC,L,2022-23
0022200450,2022-12-18,1610612766,CHA,CHA @ DEN,L,2022-23
0022200446,2022-12-18,1610612754,IND,IND vs. NYK,L,2022-23
0022200445,2022-12-18,1610612738,BOS,BOS vs. ORL,L,2022-23
0022200449,2022-12-18,1610612750,MIN,MIN vs. CHI,W,2022-23
0022200448,2022-12-18,1610612761,TOR,TOR vs. GSW,L,2022-23
0022200451,2022-12-18,1610612747,LAL,LAL vs. WAS,W,2022-23
0022200447,2022-12-18,1610612765,DET,DET vs. BKN,L,2022-23
0022200442,2022-12-17,1610612749,MIL,MIL vs. UTA,W,2022-23
0022200443,2022-12-17,1610612760,OKC,OKC vs. MEM,W,2022-23
0022200439,2022-12-17,1610612748,MIA,MIA @ SAS,W,2022-23
0022200444,2022-12-17,1610612740,NOP,NOP @ PHX,L,2022-23
0022200438,2022-12-17,1610612746,LAC,LAC vs. WAS,W,2022-23
0022200440,2022-12-17,1610612739,CLE,CLE vs. DAL,W,2022-23
0022200441,2022-12-17,1610612757,POR,POR @ HOU,W,2022-23
0022200430,2022-12-16,1610612753,ORL,ORL @ BOS,W,2022-23
0022200437,2022-12-16,1610612743,DEN,DEN @ LAL,L,2022-23
0022200434,2022-12-16,1610612752,NYK,NYK @ CHI,W,2022-23
0022200431,2022-12-16,1610612739,CLE,CLE vs. IND,W,2022-23
0022200436,2022-12-16,1610612757,POR,POR @ DAL,L,2022-23
0022200433,2022-12-16,1610612761,TOR,TOR vs. BKN,L,2022-23
0022200429,2022-12-16,1610612758,SAC,SAC @ DET,W,2022-23
0022200432,2022-12-16,1610612744,GSW,GSW @ PHI,L,2022-23
0022200435,2022-12-16,1610612760,OKC,OKC vs. MIN,L,2022-23
0022200428,2022-12-16,1610612766,CHA,CHA vs. ATL,L,2022-23
0022200424,2022-12-15,1610612745,HOU,HOU vs. MIA,L,2022-23
0022200426,2022-12-15,1610612762,UTA,UTA vs. NOP,W,2022-23
0022200425,2022-12-15,1610612763,MEM,MEM vs. MIL,W,2022-23
0022200427,2022-12-15,1610612746,LAC,LAC vs. PHX,L,2022-23
0022200422,2022-12-14,1610612743,DEN,DEN vs. WAS,W,2022-23
0022200416,2022-12-14,1610612737,ATL,ATL @ ORL,L,2022-23
0022200419,2022-12-14,1610612760,OKC,OKC vs. MIA,L,2022-23
0022200418,2022-12-14,1610612741,CHI,CHI vs. NYK,L,2022-23
0022200421,2022-12-14,1610612742,DAL,DAL vs. CLE,L,2022-23
0022200415,2022-12-14,1610612754,IND,IND vs. GSW,W,2022-23
0022200414,2022-12-14,1610612765,DET,DET @ CHA,W,2022-23
0022200423,2022-12-14,1610612746,LAC,LAC vs. MIN,W,2022-23
0022200420,2022-12-14,1610612759,SAS,SAS vs. POR,L,2022-23
0022200417,2022-12-14,1610612758,SAC,SAC @ TOR,W,2022-23
0022200409,2022-12-13,1610612755,PHI,PHI vs. SAC,W,2022-23
0022200411,2022-12-13,1610612745,HOU,HOU vs. PHX,W,2022-23
0022200412,2022-12-13,1610612762,UTA,UTA vs. NOP,W,2022-23
0022200410,2022-12-13,1610612744,GSW,GSW @ MIL,L,2022-23
0022200413,2022-12-13,1610612738,BOS,BOS @ LAL,W,2022-23
0022200408,2022-12-12,1610612738,BOS,BOS @ LAC,L,2022-23
0022200402,2022-12-12,1610612748,MIA,MIA @ IND,W,2022-23
0022200407,2022-12-12,1610612750,MIN,MIN @ POR,L,2022-23
0022200406,2022-12-12,1610612759,SAS,SAS vs. CLE,W,2022-23
0022200403,2022-12-12,1610612751,BKN,BKN @ WAS,W,2022-23
0022200404,2022-12-12,1610612763,MEM,MEM vs. ATL,W,2022-23
0022200405,2022-12-12,1610612760,OKC,OKC @ DAL,L,2022-23
0022200397,2022-12-11,1610612758,SAC,SAC @ NYK,L,2022-23
0022200395,2022-12-11,1610612740,NOP,NOP vs. PHX,W,2022-23
0022200399,2022-12-11,1610612766,CHA,CHA @ PHI,L,2022-23
0022200400,2022-12-11,1610612737,ATL,ATL vs. CHI,W,2022-23
0022200396,2022-12-11,1610612747,LAL,LAL @ DET,W,2022-23
0022200398,2022-12-11,1610612761,TOR,TOR @ ORL,L,2022-23
0022200401,2022-12-11,1610612749,MIL,MIL @ HOU,L,2022-23
0022200389,2022-12-10,1610612764,WAS,WAS vs. LAC,L,2022-23
0022200392,2022-12-10,1610612738,BOS,BOS @ GSW,L,2022-23
0022200394,2022-12-10,1610612750,MIN,MIN @ POR,L,2022-23
0022200393,2022-12-10,1610612762,UTA,UTA @ DEN,L,2022-23
0022200390,2022-12-10,1610612760,OKC,OKC @ CLE,L,2022-23
0022200391,2022-12-10,1610612742,DAL,DAL @ CHI,L,2022-23
0022200388,2022-12-10,1610612751,BKN,BKN @ IND,W,2022-23
0022200387,2022-12-10,1610612748,MIA,MIA vs. SAS,L,2022-23
0022200385,2022-12-09,1610612762,UTA,UTA vs. MIN,L,2022-23
0022200383,2022-12-09,1610612765,DET,DET @ MEM,L,2022-23
0022200386,2022-12-09,1610612742,DAL,DAL vs. MIL,L,2022-23
0022200380,2022-12-09,1610612737,ATL,ATL @ BKN,L,2022-23
0022200378,2022-12-09,1610612764,WAS,WAS @ IND,L,2022-23
0022200377,2022-12-09,1610612752,NYK,NYK @ CHA,W,2022-23
0022200384,2022-12-09,1610612740,NOP,NOP vs. PHX,W,2022-23
0022200379,2022-12-09,1610612761,TOR,TOR @ ORL,L,2022-23
0022200382,2022-12-09,1610612747,LAL,LAL @ PHI,L,2022-23
0022200381,2022-12-09,1610612739,CLE,CLE vs. SAC,L,2022-23
0022200376,2022-12-08,1610612757,POR,POR vs. DEN,L,2022-23
0022200374,2022-12-08,1610612748,MIA,MIA vs. LAC,W,2022-23
0022200375,2022-12-08,1610612759,SAS,SAS vs. HOU,W,2022-23
0022200365,2022-12-07,1610612752,NYK,NYK vs. ATL,W,2022-23
0022200371,2022-12-07,1610612765,DET,DET @ NOP,L,2022-23
0022200366,2022-12-07,1610612747,LAL,LAL @ TOR,L,2022-23
0022200363,2022-12-07,1610612746,LAC,LAC @ ORL,L,2022-23
0022200372,2022-12-07,1610612744,GSW,GSW @ UTA,L,2022-23
0022200364,2022-12-07,1610612766,CHA,CHA @ BKN,L,2022-23
0022200370,2022-12-07,1610612750,MIN,MIN vs. IND,W,2022-23
0022200367,2022-12-07,1610612764,WAS,WAS @ CHI,L,2022-23
0022200369,2022-12-07,1610612758,SAC,SAC @ MIL,L,2022-23
0022200373,2022-12-07,1610612738,BOS,BOS @ PHX,W,2022-23
0022200368,2022-12-07,1610612763,MEM,MEM vs. OKC,W,2022-23
0022200361,2022-12-06,1610612748,MIA,MIA vs. DET,L,2022-23
0022200360,2022-12-06,1610612747,LAL,LAL @ CLE,L,2022-23
0022200362,2022-12-06,1610612742,DAL,DAL @ DEN,W,2022-23
0022200357,2022-12-05,1610612748,MIA,MIA @ MEM,L,2022-23
0022200353,2022-12-05,1610612753,ORL,ORL vs. MIL,L,2022-23
0022200358,2022-12-05,1610612742,DAL,DAL vs. PHX,W,2022-23
0022200352,2022-12-05,1610612746,LAC,LAC @ CHA,W,2022-23
0022200356,2022-12-05,1610612745,HOU,HOU vs. PHI,W,2022-23
0022200355,2022-12-05,1610612738,BOS,BOS @ TOR,W,2022-23
0022200359,2022-12-05,1610612754,IND,IND @ GSW,W,2022-23
0022200354,2022-12-05,1610612760,OKC,OKC @ ATL,W,2022-23
0022200350,2022-12-04,1610612741,CHI,CHI @ SAC,L,2022-23
0022200348,2022-12-04,1610612752,NYK,NYK vs. CLE,W,2022-23
0022200345,2022-12-04,1610612756,PHX,PHX @ SAS,W,2022-23
0022200344,2022-12-04,1610612740,NOP,NOP vs. DEN,W,2022-23
0022200349,2022-12-04,1610612764,WAS,WAS vs. LAL,L,2022-23
0022200351,2022-12-04,1610612754,IND,IND @ POR,L,2022-23
0022200346,2022-12-04,1610612751,BKN,BKN vs. BOS,L,2022-23
0022200347,2022-12-04,1610612765,DET,DET vs. MEM,L,2022-23
0022200341,2022-12-03,1610612750,MIN,MIN vs. OKC,L,2022-23
0022200342,2022-12-03,1610612745,HOU,HOU @ GSW,L,2022-23
0022200343,2022-12-03,1610612757,POR,POR @ UTA,W,2022-23
0022200337,2022-12-03,1610612752,NYK,NYK vs. DAL,L,2022-23
0022200340,2022-12-03,1610612753,ORL,ORL @ TOR,L,2022-23
0022200338,2022-12-03,1610612746,LAC,LAC vs. SAC,L,2022-23
0022200339,2022-12-03,1610612749,MIL,MIL @ CHA,W,2022-23
0022200331,2022-12-02,1610612749,MIL,MIL vs. LAL,L,2022-23
0022200335,2022-12-02,1610612762,UTA,UTA vs. IND,W,2022-23
0022200333,2022-12-02,1610612740,NOP,NOP @ SAS,W,2022-23
0022200334,2022-12-02,1610612745,HOU,HOU @ PHX,W,2022-23
0022200327,2022-12-02,1610612743,DEN,DEN @ ATL,L,2022-23
0022200332,2022-12-02,1610612755,PHI,PHI @ MEM,L,2022-23
0022200329,2022-12-02,1610612761,TOR,TOR @ BKN,L,2022-23
0022200336,2022-12-02,1610612741,CHI,CHI @ GSW,L,2022-23
0022200328,2022-12-02,1610612748,MIA,MIA @ BOS,W,2022-23
0022200330,2022-12-02,1610612753,ORL,ORL @ CLE,L,2022-23
0022200326,2022-12-02,1610612766,CHA,CHA vs. WAS,W,2022-23
0022200325,2022-12-01,1610612765,DET,DET vs. DAL,W,2022-23
0022200322,2022-11-30,1610612746,LAC,LAC @ UTA,L,2022-23
0022200319,2022-11-30,1610612759,SAS,SAS @ OKC,L,2022-23
0022200324,2022-11-30,1610612747,LAL,LAL vs. POR,W,2022-23
0022200315,2022-11-30,1610612764,WAS,WAS @ BKN,L,2022-23
0022200313,2022-11-30,1610612737,ATL,ATL @ ORL,W,2022-23
0022200316,2022-11-30,1610612752,NYK,NYK vs. MIL,L,2022-23
0022200312,2022-11-30,1610612755,PHI,PHI @ CLE,L,2022-23
0022200314,2022-11-30,1610612748,MIA,MIA @ BOS,L,2022-23
0022200321,2022-11-30,1610612741,CHI,CHI @ PHX,L,2022-23
0022200323,2022-11-30,1610612758,SAC,SAC vs. IND,W,2022-23
0022200320,2022-11-30,1610612745,HOU,HOU @ DEN,L,2022-23
0022200317,2022-11-30,1610612763,MEM,MEM @ MIN,L,2022-23
0022200318,2022-11-30,1610612761,TOR,TOR @ NOP,L,2022-23
0022200309,2022-11-29,1610612752,NYK,NYK @ DET,W,2022-23
0022200310,2022-11-29,1610612744,GSW,GSW @ DAL,L,2022-23
0022200311,2022-11-29,1610612757,POR,POR vs. LAC,L,2022-23
0022200306,2022-11-28,1610612741,CHI,CHI @ UTA,W,2022-23
0022200305,2022-11-28,1610612745,HOU,HOU @ DEN,L,2022-23
0022200299,2022-11-28,1610612737,ATL,ATL @ PHI,L,2022-23
0022200300,2022-11-28,1610612764,WAS,WAS vs. MIN,W,2022-23
0022200301,2022-11-28,1610612738,BOS,BOS vs. CHA,W,2022-23
0022200304,2022-11-28,1610612740,NOP,NOP vs. OKC,W,2022-23
0022200307,2022-11-28,1610612756,PHX,PHX @ SAC,W,2022-23
0022200308,2022-11-28,1610612754,IND,IND @ LAL,W,2022-23
0022200302,2022-11-28,1610612753,ORL,ORL @ BKN,L,2022-23
0022200303,2022-11-28,1610612761,TOR,TOR vs. CLE,W,2022-23
0022200296,2022-11-27,1610612763,MEM,MEM @ NYK,W,2022-23
0022200295,2022-11-27,1610612739,CLE,CLE @ DET,W,2022-23
0022200293,2022-11-27,1610612748,MIA,MIA @ ATL,W,2022-23
0022200298,2022-11-27,1610612742,DAL,DAL @ MIL,L,2022-23
0022200297,2022-11-27,1610612753,ORL,ORL vs. PHI,L,2022-23
0022200290,2022-11-27,1610612751,BKN,BKN vs. POR,W,2022-23
0022200292,2022-11-27,1610612746,LAC,LAC vs. IND,W,2022-23
0022200294,2022-11-27,1610612738,BOS,BOS vs. WAS,W,2022-23
0022200291,2022-11-27,1610612744,GSW,GSW @ MIN,W,2022-23
0022200289,2022-11-26,1610612762,UTA,UTA @ PHX,L,2022-23
0022200287,2022-11-26,1610612745,HOU,HOU vs. OKC,W,2022-23
0022200288,2022-11-26,1610612759,SAS,SAS vs. LAL,L,2022-23
0022200286,2022-11-26,1610612742,DAL,DAL @ TOR,L,2022-23
0022200284,2022-11-25,1610612744,GSW,GSW vs. UTA,W,2022-23
0022200275,2022-11-25,1610612738,BOS,BOS vs. SAC,W,2022-23
0022200282,2022-11-25,1610612747,LAL,LAL @ SAS,W,2022-23
0022200273,2022-11-25,1610612755,PHI,PHI @ ORL,W,2022-23
0022200277,2022-11-25,1610612764,WAS,WAS @ MIA,L,2022-23
0022200283,2022-11-25,1610612756,PHX,PHX vs. DET,W,2022-23
0022200279,2022-11-25,1610612740,NOP,NOP @ MEM,L,2022-23
0022200276,2022-11-25,1610612751,BKN,BKN @ IND,L,2022-23
0022200278,2022-11-25,1610612745,HOU,HOU vs. ATL,W,2022-23
0022200274,2022-11-25,1610612752,NYK,NYK vs. POR,L,2022-23
0022200281,2022-11-25,1610612760,OKC,OKC vs. CHI,W,2022-23
0022200280,2022-11-25,1610612739,CLE,CLE @ MIL,L,2022-23
0022200272,2022-11-25,1610612750,MIN,MIN @ CHA,L,2022-23
0022200285,2022-11-25,1610612746,LAC,LAC vs. DEN,L,2022-23
0022200270,2022-11-23,1610612762,UTA,UTA vs. DET,L,2022-23
0022200260,2022-11-23,1610612755,PHI,PHI @ CHA,L,2022-23
0022200265,2022-11-23,1610612748,MIA,MIA vs. WAS,W,2022-23
0022200271,2022-11-23,1610612746,LAC,LAC @ GSW,L,2022-23
0022200262,2022-11-23,1610612750,MIN,MIN @ IND,W,2022-23
0022200269,2022-11-23,1610612759,SAS,SAS vs. NOP,L,2022-23
0022200266,2022-11-23,1610612751,BKN,BKN @ TOR,W,2022-23
0022200267,2022-11-23,1610612741,CHI,CHI @ MIL,W,2022-23
0022200263,2022-11-23,1610612758,SAC,SAC @ ATL,L,2022-23
0022200264,2022-11-23,1610612738,BOS,BOS vs. DAL,W,2022-23
0022200261,2022-11-23,1610612757,POR,POR @ CLE,L,2022-23
0022200268,2022-11-23,1610612743,DEN,DEN @ OKC,W,2022-23
0022200258,2022-11-22,1610612743,DEN,DEN vs. DET,L,2022-23
0022200259,2022-11-22,1610612756,PHX,PHX vs. LAL,W,2022-23
0022200256,2022-11-22,1610612755,PHI,PHI vs. BKN,W,2022-23
0022200257,2022-11-22,1610612763,MEM,MEM vs. SAC,L,2022-23
0022200252,2022-11-21,1610612750,MIN,MIN vs. MIA,W,2022-23
0022200248,2022-11-21,1610612737,ATL,ATL @ CLE,L,2022-23
0022200254,2022-11-21,1610612752,NYK,NYK @ OKC,W,2022-23
0022200249,2022-11-21,1610612754,IND,IND vs. ORL,W,2022-23
0022200250,2022-11-21,1610612738,BOS,BOS @ CHI,L,2022-23
0022200251,2022-11-21,1610612757,POR,POR @ MIL,L,2022-23
0022200253,2022-11-21,1610612744,GSW,GSW @ NOP,L,2022-23
0022200255,2022-11-21,1610612746,LAC,LAC vs. UTA,W,2022-23
0022200240,2022-11-20,1610612756,PHX,PHX vs. NYK,W,2022-23
0022200243,2022-11-20,1610612751,BKN,BKN vs. MEM,W,2022-23
0022200245,2022-11-20,1610612745,HOU,HOU vs. GSW,L,2022-23
0022200242,2022-11-20,1610612765,DET,DET @ SAC,L,2022-23
0022200246,2022-11-20,1610612743,DEN,DEN @ DAL,W,2022-23
0022200244,2022-11-20,1610612739,CLE,CLE vs. MIA,W,2022-23
0022200247,2022-11-20,1610612747,LAL,LAL vs. SAS,W,2022-23
0022200241,2022-11-20,1610612764,WAS,WAS vs. CHA,W,2022-23
0022200238,2022-11-19,1610612762,UTA,UTA @ POR,W,2022-23
0022200235,2022-11-19,1610612761,TOR,TOR @ ATL,L,2022-23
0022200239,2022-11-19,1610612746,LAC,LAC vs. SAS,W,2022-23
0022200236,2022-11-19,1610612753,ORL,ORL @ IND,L,2022-23
0022200237,2022-11-19,1610612750,MIN,MIN @ PHI,W,2022-23
0022200226,2022-11-18,1610612749,MIL,MIL @ PHI,L,2022-23
0022200229,2022-11-18,1610612760,OKC,OKC @ MEM,L,2022-23
0022200225,2022-11-18,1610612766,CHA,CHA @ CLE,L,2022-23
0022200228,2022-11-18,1610612754,IND,IND @ HOU,W,2022-23
0022200232,2022-11-18,1610612756,PHX,PHX @ UTA,L,2022-23
0022200230,2022-11-18,1610612742,DAL,DAL vs. DEN,W,2022-23
0022200233,2022-11-18,1610612752,NYK,NYK @ GSW,L,2022-23
0022200224,2022-11-18,1610612764,WAS,WAS vs. MIA,W,2022-23
0022200231,2022-11-18,1610612740,NOP,NOP vs. BOS,L,2022-23
0022200227,2022-11-18,1610612753,ORL,ORL @ CHI,W,2022-23
0022200234,2022-11-18,1610612765,DET,DET @ LAL,L,2022-23
0022200222,2022-11-17,1610612758,SAC,SAC vs. SAS,W,2022-23
0022200223,2022-11-17,1610612765,DET,DET @ LAC,L,2022-23
0022200221,2022-11-17,1610612757,POR,POR vs. BKN,L,2022-23
0022200220,2022-11-16,1610612744,GSW,GSW @ PHX,L,2022-23
0022200213,2022-11-16,1610612764,WAS,WAS vs. OKC,L,2022-23
0022200214,2022-11-16,1610612738,BOS,BOS @ ATL,W,2022-23
0022200211,2022-11-16,1610612754,IND,IND @ CHA,W,2022-23
0022200212,2022-11-16,1610612750,MIN,MIN @ ORL,W,2022-23
0022200218,2022-11-16,1610612745,HOU,HOU @ DAL,W,2022-23
0022200216,2022-11-16,1610612749,MIL,MIL vs. CLE,W,2022-23
0022200219,2022-11-16,1610612743,DEN,DEN vs. NYK,L,2022-23
0022200217,2022-11-16,1610612741,CHI,CHI @ NOP,L,2022-23
0022200215,2022-11-16,1610612761,TOR,TOR vs. MIA,W,2022-23
0022200208,2022-11-15,1610612762,UTA,UTA vs. NYK,L,2022-23
0022200209,2022-11-15,1610612759,SAS,SAS @ POR,L,2022-23
0022200206,2022-11-15,1610612740,NOP,NOP vs. MEM,W,2022-23
0022200210,2022-11-15,1610612758,SAC,SAC vs. BKN,W,2022-23
0022200207,2022-11-15,1610612746,LAC,LAC @ DAL,L,2022-23
0022200203,2022-11-14,1610612746,LAC,LAC @ HOU,W,2022-23
0022200205,2022-11-14,1610612744,GSW,GSW vs. SAS,W,2022-23
0022200200,2022-11-14,1610612766,CHA,CHA @ ORL,W,2022-23
0022200204,2022-11-14,1610612749,MIL,MIL vs. ATL,L,2022-23
0022200201,2022-11-14,1610612738,BOS,BOS vs. OKC,W,2022-23
0022200199,2022-11-14,1610612761,TOR,TOR @ DET,W,2022-23
0022200202,2022-11-14,1610612756,PHX,PHX @ MIA,L,2022-23
0022200198,2022-11-13,1610612747,LAL,LAL vs. BKN,W,2022-23
0022200195,2022-11-13,1610612762,UTA,UTA @ PHI,L,2022-23
0022200196,2022-11-13,1610612743,DEN,DEN @ CHI,W,2022-23
0022200197,2022-11-13,1610612744,GSW,GSW @ SAC,L,2022-23
0022200192,2022-11-13,1610612760,OKC,OKC @ NYK,W,2022-23
0022200193,2022-11-13,1610612750,MIN,MIN @ CLE,W,2022-23
0022200194,2022-11-13,1610612763,MEM,MEM @ WAS,L,2022-23
0022200186,2022-11-12,1610612738,BOS,BOS @ DET,W,2022-23
0022200189,2022-11-12,1610612766,CHA,CHA @ MIA,L,2022-23
0022200185,2022-11-12,1610612762,UTA,UTA @ WAS,L,2022-23
0022200191,2022-11-12,1610612740,NOP,NOP vs. HOU,W,2022-23
0022200184,2022-11-12,1610612746,LAC,LAC vs. BKN,L,2022-23
0022200188,2022-11-12,1610612755,PHI,PHI vs. ATL,W,2022-23
0022200190,2022-11-12,1610612742,DAL,DAL vs. POR,W,2022-23
0022200187,2022-11-12,1610612754,IND,IND vs. TOR,W,2022-23
0022200182,2022-11-11,1610612739,CLE,CLE @ GSW,L,2022-23
0022200179,2022-11-11,1610612761,TOR,TOR @ OKC,L,2022-23
0022200181,2022-11-11,1610612763,MEM,MEM vs. MIN,W,2022-23
0022200178,2022-11-11,1610612765,DET,DET @ NYK,L,2022-23
0022200176,2022-11-11,1610612743,DEN,DEN @ BOS,L,2022-23
0022200177,2022-11-11,1610612756,PHX,PHX @ ORL,L,2022-23
0022200183,2022-11-11,1610612758,SAC,SAC @ LAL,W,2022-23
0022200180,2022-11-11,1610612749,MIL,MIL @ SAS,L,2022-23
0022200175,2022-11-10,1610612757,POR,POR @ NOP,W,2022-23
0022200172,2022-11-10,1610612742,DAL,DAL @ WAS,L,2022-23
0022200174,2022-11-10,1610612766,CHA,CHA @ MIA,L,2022-23
0022200173,2022-11-10,1610612755,PHI,PHI @ ATL,L,2022-23
0022200165,2022-11-09,1610612761,TOR,TOR vs. HOU,W,2022-23
0022200162,2022-11-09,1610612762,UTA,UTA @ ATL,W,2022-23
0022200171,2022-11-09,1610612758,SAC,SAC vs. CLE,W,2022-23
0022200160,2022-11-09,1610612754,IND,IND vs. DEN,L,2022-23
0022200166,2022-11-09,1610612740,NOP,NOP @ CHI,W,2022-23
0022200168,2022-11-09,1610612760,OKC,OKC vs. MIL,L,2022-23
0022200159,2022-11-09,1610612766,CHA,CHA vs. POR,L,2022-23
0022200170,2022-11-09,1610612746,LAC,LAC vs. LAL,W,2022-23
0022200164,2022-11-09,1610612751,BKN,BKN vs. NYK,W,2022-23
0022200163,2022-11-09,1610612765,DET,DET @ BOS,L,2022-23
0022200167,2022-11-09,1610612756,PHX,PHX @ MIN,W,2022-23
0022200161,2022-11-09,1610612753,ORL,ORL vs. DAL,W,2022-23
0022200169,2022-11-09,1610612763,MEM,MEM @ SAS,W,2022-23
0022200145,2022-11-07,1610612753,ORL,ORL vs. HOU,L,2022-23
0022200158,2022-11-07,1610612746,LAC,LAC vs. CLE,W,2022-23
0022200155,2022-11-07,1610612751,BKN,BKN @ DAL,L,2022-23
0022200157,2022-11-07,1610612762,UTA,UTA vs. LAL,W,2022-23
0022200146,2022-11-07,1610612765,DET,DET vs. OKC,W,2022-23
0022200152,2022-11-07,1610612763,MEM,MEM vs. BOS,L,2022-23
0022200150,2022-11-07,1610612757,POR,POR @ MIA,W,2022-23
0022200149,2022-11-07,1610612749,MIL,MIL @ ATL,L,2022-23
0022200153,2022-11-07,1610612752,NYK,NYK @ MIN,W,2022-23
0022200147,2022-11-07,1610612754,IND,IND vs. NOP,W,2022-23
0022200156,2022-11-07,1610612744,GSW,GSW vs. SAC,W,2022-23
0022200144,2022-11-07,1610612764,WAS,WAS @ CHA,W,2022-23
0022200151,2022-11-07,1610612741,CHI,CHI vs. TOR,W,2022-23
0022200154,2022-11-07,1610612759,SAS,SAS vs. DEN,L,2022-23
0022200148,2022-11-07,1610612755,PHI,PHI vs. PHX,W,2022-23
0022200143,2022-11-06,1610612762,UTA,UTA @ LAC,W,2022-23
0022200140,2022-11-06,1610612747,LAL,LAL vs. CLE,L,2022-23
0022200141,2022-11-06,1610612761,TOR,TOR vs. CHI,W,2022-23
0022200142,2022-11-06,1610612764,WAS,WAS @ MEM,L,2022-23
0022200136,2022-11-05,1610612760,OKC,OKC @ MIL,L,2022-23
0022200132,2022-11-05,1610612758,SAC,SAC @ ORL,W,2022-23
0022200138,2022-11-05,1610612743,DEN,DEN vs. SAS,W,2022-23
0022200134,2022-11-05,1610612737,ATL,ATL vs. NOP,W,2022-23
0022200133,2022-11-05,1610612766,CHA,CHA vs. BKN,L,2022-23
0022200135,2022-11-05,1610612738,BOS,BOS @ NYK,W,2022-23
0022200137,2022-11-05,1610612750,MIN,MIN vs. HOU,W,2022-23
0022200139,2022-11-05,1610612757,POR,POR @ PHX,L,2022-23
0022200120,2022-11-04,1610612739,CLE,CLE @ DET,W,2022-23
0022200124,2022-11-04,1610612741,CHI,CHI @ BOS,L,2022-23
0022200125,2022-11-04,1610612763,MEM,MEM vs. CHA,W,2022-23
0022200127,2022-11-04,1610612742,DAL,DAL vs. TOR,W,2022-23
0022200126,2022-11-04,1610612759,SAS,SAS vs. LAC,L,2022-23
0022200131,2022-11-04,1610612747,LAL,LAL vs. UTA,L,2022-23
0022200128,2022-11-04,1610612744,GSW,GSW @ NOP,L,2022-23
0022200123,2022-11-04,1610612751,BKN,BKN @ WAS,W,2022-23
0022200121,2022-11-04,1610612748,MIA,MIA @ IND,L,2022-23
0022200130,2022-11-04,1610612757,POR,POR @ PHX,W,2022-23
0022200122,2022-11-04,1610612752,NYK,NYK @ PHI,W,2022-23
0022200129,2022-11-04,1610612750,MIN,MIN vs. MIL,L,2022-23
0022200118,2022-11-03,1610612744,GSW,GSW @ ORL,L,2022-23
0022200119,2022-11-03,1610612743,DEN,DEN @ OKC,W,2022-23
0022200114,2022-11-02,1610612759,SAS,SAS vs. TOR,L,2022-23
0022200111,2022-11-02,1610612741,CHI,CHI vs. CHA,W,2022-23
0022200109,2022-11-02,1610612758,SAC,SAC @ MIA,L,2022-23
0022200115,2022-11-02,1610612742,DAL,DAL vs. UTA,W,2022-23
0022200113,2022-11-02,1610612749,MIL,MIL vs. DET,W,2022-23
0022200112,2022-11-02,1610612745,HOU,HOU vs. LAC,L,2022-23
0022200117,2022-11-02,1610612747,LAL,LAL vs. NOP,W,2022-23
0022200116,2022-11-02,1610612763,MEM,MEM @ POR,W,2022-23
0022200110,2022-11-02,1610612737,ATL,ATL @ NYK,W,2022-23
0022200108,2022-11-02,1610612764,WAS,WAS @ PHI,W,2022-23
0022200107,2022-11-02,1610612739,CLE,CLE vs. BOS,W,2022-23
0022200104,2022-11-01,1610612744,GSW,GSW @ MIA,L,2022-23
0022200103,2022-11-01,1610612751,BKN,BKN vs. CHI,L,2022-23
0022200105,2022-11-01,1610612760,OKC,OKC vs. ORL,W,2022-23
0022200106,2022-11-01,1610612756,PHX,PHX vs. MIN,W,2022-23
0022200101,2022-10-31,1610612762,UTA,UTA vs. MEM,W,2022-23
0022200096,2022-10-31,1610612766,CHA,CHA vs. SAC,L,2022-23
0022200098,2022-10-31,1610612751,BKN,BKN vs. IND,W,2022-23
0022200097,2022-10-31,1610612755,PHI,PHI @ WAS,W,2022-23
0022200099,2022-10-31,1610612761,TOR,TOR vs. ATL,W,2022-23
0022200102,2022-10-31,1610612746,LAC,LAC vs. HOU,W,2022-23
0022200100,2022-10-31,1610612765,DET,DET @ MIL,L,2022-23
0022200092,2022-10-30,1610612750,MIN,MIN @ SAS,L,2022-23
0022200093,2022-10-30,1610612753,ORL,ORL @ DAL,L,2022-23
0022200089,2022-10-30,1610612764,WAS,WAS @ BOS,L,2022-23
0022200094,2022-10-30,1610612745,HOU,HOU @ PHX,L,2022-23
0022200091,2022-10-30,1610612765,DET,DET vs. GSW,W,2022-23
0022200095,2022-10-30,1610612743,DEN,DEN @ LAL,L,2022-23
0022200090,2022-10-30,1610612752,NYK,NYK @ CLE,L,2022-23
0022200088,2022-10-30,1610612740,NOP,NOP @ LAC,W,2022-23
0022200084,2022-10-29,1610612741,CHI,CHI vs. PHI,L,2022-23
0022200082,2022-10-29,1610612744,GSW,GSW @ CHA,L,2022-23
0022200083,2022-10-29,1610612754,IND,IND @ BKN,W,2022-23
0022200087,2022-10-29,1610612763,MEM,MEM @ UTA,L,2022-23
0022200081,2022-10-29,1610612748,MIA,MIA @ SAC,L,2022-23
0022200085,2022-10-29,1610612737,ATL,ATL @ MIL,L,2022-23
0022200086,2022-10-29,1610612760,OKC,OKC @ DAL,W,2022-23
0022200070,2022-10-28,1610612737,ATL,ATL @ DET,W,2022-23
0022200073,2022-10-28,1610612761,TOR,TOR vs. PHI,L,2022-23
0022200080,2022-10-28,1610612745,HOU,HOU @ POR,L,2022-23
0022200074,2022-10-28,1610612754,IND,IND @ WAS,W,2022-23
0022200072,2022-10-28,1610612738,BOS,BOS vs. CLE,L,2022-23
0022200079,2022-10-28,1610612740,NOP,NOP @ PHX,L,2022-23
0022200075,2022-10-28,1610612749,MIL,MIL vs. NYK,W,2022-23
0022200076,2022-10-28,1610612750,MIN,MIN vs. LAL,W,2022-23
0022200071,2022-10-28,1610612766,CHA,CHA @ ORL,L,2022-23
0022200078,2022-10-28,1610612762,UTA,UTA @ DEN,L,2022-23
0022200077,2022-10-28,1610612759,SAS,SAS vs. CHI,W,2022-23
0022200067,2022-10-27,1610612746,LAC,LAC @ OKC,L,2022-23
0022200066,2022-10-27,1610612742,DAL,DAL @ BKN,W,2022-23
0022200069,2022-10-27,1610612758,SAC,SAC vs. MEM,L,2022-23
0022200068,2022-10-27,1610612748,MIA,MIA @ GSW,L,2022-23
0022200059,2022-10-26,1610612761,TOR,TOR vs. PHI,W,2022-23
0022200062,2022-10-26,1610612750,MIN,MIN vs. SAS,W,2022-23
0022200056,2022-10-26,1610612753,ORL,ORL @ CLE,L,2022-23
0022200060,2022-10-26,1610612751,BKN,BKN @ MIL,L,2022-23
0022200057,2022-10-26,1610612765,DET,DET vs. ATL,L,2022-23
0022200064,2022-10-26,1610612747,LAL,LAL @ DEN,L,2022-23
0022200063,2022-10-26,1610612762,UTA,UTA vs. HOU,W,2022-23
0022200061,2022-10-26,1610612741,CHI,CHI vs. IND,W,2022-23
0022200058,2022-10-26,1610612752,NYK,NYK vs. CHA,W,2022-23
0022200065,2022-10-26,1610612757,POR,POR vs. MIA,L,2022-23
0022200053,2022-10-25,1610612740,NOP,NOP vs. DAL,W,2022-23
0022200055,2022-10-25,1610612744,GSW,GSW @ PHX,L,2022-23
0022200052,2022-10-25,1610612764,WAS,WAS vs. DET,W,2022-23
0022200054,2022-10-25,1610612746,LAC,LAC @ OKC,L,2022-23
0022200048,2022-10-24,1610612745,HOU,HOU vs. UTA,W,2022-23
0022200051,2022-10-24,1610612743,DEN,DEN @ POR,L,2022-23
0022200046,2022-10-24,1610612753,ORL,ORL @ NYK,L,2022-23
0022200044,2022-10-24,1610612755,PHI,PHI vs. IND,W,2022-23
0022200049,2022-10-24,1610612751,BKN,BKN @ MEM,L,2022-23
0022200047,2022-10-24,1610612738,BOS,BOS @ CHI,L,2022-23
0022200050,2022-10-24,1610612759,SAS,SAS @ MIN,W,2022-23
0022200045,2022-10-24,1610612761,TOR,TOR @ MIA,W,2022-23
0022200043,2022-10-23,1610612746,LAC,LAC vs. PHX,L,2022-23
0022200038,2022-10-23,1610612766,CHA,CHA @ ATL,W,2022-23
0022200037,2022-10-23,1610612757,POR,POR @ LAL,W,2022-23
0022200042,2022-10-23,1610612758,SAC,SAC @ GSW,L,2022-23
0022200041,2022-10-23,1610612760,OKC,OKC vs. MIN,L,2022-23
0022200040,2022-10-23,1610612762,UTA,UTA @ NOP,W,2022-23
0022200039,2022-10-23,1610612739,CLE,CLE vs. WAS,W,2022-23
0022200032,2022-10-22,1610612739,CLE,CLE @ CHI,W,2022-23
0022200028,2022-10-22,1610612759,SAS,SAS @ PHI,W,2022-23
0022200029,2022-10-22,1610612754,IND,IND vs. DET,W,2022-23
0022200030,2022-10-22,1610612738,BOS,BOS @ ORL,W,2022-23
0022200036,2022-10-22,1610612746,LAC,LAC @ SAC,W,2022-23
0022200035,2022-10-22,1610612760,OKC,OKC @ DEN,L,2022-23
0022200031,2022-10-22,1610612761,TOR,TOR @ MIA,L,2022-23
0022200034,2022-10-22,1610612763,MEM,MEM @ DAL,L,2022-23
0022200033,2022-10-22,1610612749,MIL,MIL vs. HOU,W,2022-23
0022200017,2022-10-21,1610612740,NOP,NOP @ CHA,W,2022-23
0022200018,2022-10-21,1610612754,IND,IND vs. SAS,L,2022-23
0022200023,2022-10-21,1610612765,DET,DET @ NYK,L,2022-23
0022200022,2022-10-21,1610612738,BOS,BOS @ MIA,W,2022-23
0022200026,2022-10-21,1610612744,GSW,GSW vs. DEN,L,2022-23
0022200027,2022-10-21,1610612757,POR,POR vs. PHX,W,2022-23
0022200020,2022-10-21,1610612753,ORL,ORL @ ATL,L,2022-23
0022200019,2022-10-21,1610612764,WAS,WAS vs. CHI,W,2022-23
0022200024,2022-10-21,1610612745,HOU,HOU vs. MEM,L,2022-23
0022200025,2022-10-21,1610612762,UTA,UTA @ MIN,W,2022-23
0022200021,2022-10-21,1610612761,TOR,TOR @ BKN,L,2022-23
0022200015,2022-10-20,1610612749,MIL,MIL @ PHI,W,2022-23
0022200016,2022-10-20,1610612747,LAL,LAL vs. LAC,L,2022-23
0022200014,2022-10-19,1610612757,POR,POR @ SAC,W,2022-23
0022200007,2022-10-19,1610612748,MIA,MIA vs. CHI,L,2022-23
0022200012,2022-10-19,1610612762,UTA,UTA vs. DEN,W,2022-23
0022200003,2022-10-19,1610612765,DET,DET vs. ORL,W,2022-23
0022200004,2022-10-19,1610612754,IND,IND vs. WAS,L,2022-23
0022200010,2022-10-19,1610612750,MIN,MIN vs. OKC,W,2022-23
0022200013,2022-10-19,1610612756,PHX,PHX vs. DAL,W,2022-23
0022200005,2022-10-19,1610612737,ATL,ATL vs. HOU,W,2022-23
0022200008,2022-10-19,1610612761,TOR,TOR vs. CLE,W,2022-23
0022200011,2022-10-19,1610612766,CHA,CHA @ SAS,W,2022-23
0022200006,2022-10-19,1610612740,NOP,NOP @ BKN,W,2022-23
0022200009,2022-10-19,1610612763,MEM,MEM vs. NYK,W,2022-23
0022200001,2022-10-18,1610612738,BOS,BOS vs. PHI,W,2022-23
0022200002,2022-10-18,1610612744,GSW,GSW vs. LAL,W,2022-23
